{"v":"5.5.7","meta":{"g":"LottieFiles AE 0.1.20","a":"","k":"","d":"","tc":"#FFFFFF"},"fr":30,"ip":0,"op":120,"w":1080,"h":1920,"nm":"Ball","ddd":0,"assets":[],"layers":[{"ddd":0,"ind":1,"ty":3,"nm":"Null 3","sr":1,"ks":{"o":{"a":0,"k":0,"ix":11},"r":{"a":1,"k":[{"i":{"x":[0.028],"y":[1]},"o":{"x":[0.077],"y":[0.039]},"t":82,"s":[0]},{"t":102,"s":[25]}],"ix":10},"p":{"s":true,"x":{"a":0,"k":552.184,"ix":3},"y":{"a":1,"k":[{"i":{"x":[0.702],"y":[0.942]},"o":{"x":[0.999],"y":[-0.351]},"t":82,"s":[967.624]},{"t":109,"s":[2308.624]}],"ix":4}},"a":{"a":0,"k":[50,50,0],"ix":1},"s":{"a":0,"k":[100,100,100],"ix":6}},"ao":0,"ip":0,"op":111,"st":0,"bm":0},{"ddd":0,"ind":2,"ty":4,"nm":"Matte 2","parent":1,"td":1,"sr":1,"ks":{"o":{"a":0,"k":100,"ix":11},"r":{"a":1,"k":[{"i":{"x":[0.581],"y":[1.922]},"o":{"x":[0.899],"y":[-0.003]},"t":20,"s":[-180]},{"t":37,"s":[-90]}],"ix":10},"p":{"a":1,"k":[{"i":{"x":0.763,"y":0.73},"o":{"x":0.497,"y":0.372},"t":0,"s":[149.816,1076.376,0],"to":[-1146,-1040,0],"ti":[-452,-544.001,0]},{"i":{"x":0.522,"y":1},"o":{"x":0.28,"y":0.604},"t":10.981,"s":[391.816,-447.623,0],"to":[416.669,501.479,0],"ti":[-10,471.998,0]},{"t":20.9072265625,"s":[37.816,42.376,0]}],"ix":2},"a":{"a":0,"k":[105.664,-125.889,0],"ix":1},"s":{"a":0,"k":[100,100,100],"ix":6}},"ao":0,"shapes":[{"ty":"gr","it":[{"ty":"rc","d":1,"s":{"a":1,"k":[{"i":{"x":[0.403,0.403],"y":[1.78,1.78]},"o":{"x":[0.871,0.871],"y":[-0.354,-0.354]},"t":20,"s":[50,50]},{"t":37,"s":[400,400]}],"ix":2},"p":{"a":0,"k":[0,0],"ix":3},"r":{"a":0,"k":100,"ix":4},"nm":"Rectangle Path 1","mn":"ADBE Vector Shape - Rect","hd":false},{"ty":"fl","c":{"a":0,"k":[0.9725,0.8824,0.3216,1],"ix":4},"o":{"a":0,"k":100,"ix":5},"r":1,"bm":0,"nm":"Fill 1","mn":"ADBE Vector Graphic - Fill","hd":false},{"ty":"tr","p":{"a":0,"k":[105.664,-125.889],"ix":2},"a":{"a":0,"k":[0,0],"ix":1},"s":{"a":0,"k":[100,100],"ix":3},"r":{"a":0,"k":0,"ix":6},"o":{"a":0,"k":100,"ix":7},"sk":{"a":0,"k":0,"ix":4},"sa":{"a":0,"k":0,"ix":5},"nm":"Transform"}],"nm":"Rectangle 1","np":3,"cix":2,"bm":0,"ix":1,"mn":"ADBE Vector Group","hd":false}],"ip":0,"op":111,"st":0,"bm":0},{"ddd":0,"ind":3,"ty":4,"nm":".","parent":1,"tt":1,"sr":1,"ks":{"o":{"a":0,"k":100,"ix":11},"r":{"a":0,"k":0,"ix":10},"p":{"s":true,"x":{"a":0,"k":98.737,"ix":3},"y":{"a":1,"k":[{"i":{"x":[0.854],"y":[1]},"o":{"x":[0.694],"y":[0]},"t":47,"s":[-293.504]},{"i":{"x":[0.108],"y":[1]},"o":{"x":[0.062],"y":[0]},"t":57,"s":[80.496]},{"i":{"x":[0.772],"y":[1]},"o":{"x":[0.668],"y":[0]},"t":62,"s":[52.496]},{"t":67,"s":[80.496]}],"ix":4}},"a":{"a":0,"k":[63.125,-13.42,0],"ix":1},"s":{"a":0,"k":[100,100,100],"ix":6}},"ao":0,"shapes":[{"ty":"gr","it":[{"ind":0,"ty":"sh","ix":1,"ks":{"a":0,"k":{"i":[[-8.057,0],[0,8.558],[8.183,0],[0,-8.817]],"o":[[8.183,0],[0,-8.817],[-8.057,0],[0,8.558]],"v":[[63.125,1.167],[77.476,-13.485],[63.125,-28.007],[48.774,-13.485]],"c":true},"ix":2},"nm":".","mn":"ADBE Vector Shape - Group","hd":false},{"ty":"fl","c":{"a":0,"k":[0.9961,0.9608,0.7412,1],"ix":4},"o":{"a":0,"k":100,"ix":5},"r":1,"bm":0,"nm":"Fill 1","mn":"ADBE Vector Graphic - Fill","hd":false},{"ty":"tr","p":{"a":0,"k":[0,0],"ix":2},"a":{"a":0,"k":[0,0],"ix":1},"s":{"a":0,"k":[100,100],"ix":3},"r":{"a":0,"k":0,"ix":6},"o":{"a":0,"k":100,"ix":7},"sk":{"a":0,"k":0,"ix":4},"sa":{"a":0,"k":0,"ix":5},"nm":"Transform"}],"nm":".","np":3,"cix":2,"bm":0,"ix":1,"mn":"ADBE Vector Group","hd":false}],"ip":37,"op":111,"st":8,"bm":0},{"ddd":0,"ind":4,"ty":4,"nm":"Matte","parent":1,"td":1,"sr":1,"ks":{"o":{"a":0,"k":100,"ix":11},"r":{"a":1,"k":[{"i":{"x":[0.581],"y":[1.922]},"o":{"x":[0.899],"y":[-0.003]},"t":20,"s":[-180]},{"t":37,"s":[-90]}],"ix":10},"p":{"a":1,"k":[{"i":{"x":0.763,"y":0.73},"o":{"x":0.497,"y":0.372},"t":0,"s":[149.816,1076.376,0],"to":[-1146,-1040,0],"ti":[-452,-544.001,0]},{"i":{"x":0.522,"y":1},"o":{"x":0.28,"y":0.604},"t":10.981,"s":[391.816,-447.623,0],"to":[416.669,501.479,0],"ti":[-10,471.998,0]},{"t":20.9072265625,"s":[37.816,42.376,0]}],"ix":2},"a":{"a":0,"k":[105.664,-125.889,0],"ix":1},"s":{"a":0,"k":[100,100,100],"ix":6}},"ao":0,"shapes":[{"ty":"gr","it":[{"ty":"rc","d":1,"s":{"a":1,"k":[{"i":{"x":[0.403,0.403],"y":[1.78,1.78]},"o":{"x":[0.871,0.871],"y":[-0.354,-0.354]},"t":20,"s":[50,50]},{"t":37,"s":[400,400]}],"ix":2},"p":{"a":0,"k":[0,0],"ix":3},"r":{"a":0,"k":100,"ix":4},"nm":"Rectangle Path 1","mn":"ADBE Vector Shape - Rect","hd":false},{"ty":"fl","c":{"a":0,"k":[0.9725,0.8824,0.3216,1],"ix":4},"o":{"a":0,"k":100,"ix":5},"r":1,"bm":0,"nm":"Fill 1","mn":"ADBE Vector Graphic - Fill","hd":false},{"ty":"tr","p":{"a":0,"k":[105.664,-125.889],"ix":2},"a":{"a":0,"k":[0,0],"ix":1},"s":{"a":0,"k":[100,100],"ix":3},"r":{"a":0,"k":0,"ix":6},"o":{"a":0,"k":100,"ix":7},"sk":{"a":0,"k":0,"ix":4},"sa":{"a":0,"k":0,"ix":5},"nm":"Transform"}],"nm":"Rectangle 1","np":3,"cix":2,"bm":0,"ix":1,"mn":"ADBE Vector Group","hd":false}],"ip":0,"op":111,"st":0,"bm":0},{"ddd":0,"ind":5,"ty":4,"nm":"hi. Outlines","parent":1,"tt":1,"sr":1,"ks":{"o":{"a":0,"k":100,"ix":11},"r":{"a":0,"k":0,"ix":10},"p":{"s":true,"x":{"a":0,"k":37.816,"ix":3},"y":{"a":1,"k":[{"i":{"x":[0],"y":[1.226]},"o":{"x":[0.167],"y":[0.167]},"t":36,"s":[429.376]},{"i":{"x":[0.12],"y":[1]},"o":{"x":[0.167],"y":[-0.005]},"t":52,"s":[42.376]},{"i":{"x":[0.667],"y":[1]},"o":{"x":[0.6],"y":[0]},"t":57,"s":[22.376]},{"t":62,"s":[42.376]}],"ix":4}},"a":{"a":0,"k":[2.203,-51.54,0],"ix":1},"s":{"a":0,"k":[100,100,100],"ix":6}},"ao":0,"shapes":[{"ty":"gr","it":[{"ind":0,"ty":"sh","ix":1,"ks":{"a":0,"k":{"i":[[15.987,0],[5.287,-5.057],[0,0],[0,0],[0,0],[0,0],[0,0],[-7.679,0],[0,-10.114],[0,0],[0,0],[0,0]],"o":[[-8.057,0],[0,0],[0,0],[0,0],[0,0],[0,0],[0,-11.67],[6.924,0],[0,0],[0,0],[0,0],[0,-21.783]],"v":[[-28.632,-71.444],[-49.151,-63.793],[-49.151,-96.209],[-73.07,-96.209],[-73.07,0],[-49.151,0],[-49.151,-33.971],[-35.556,-50.568],[-24.352,-36.176],[-24.352,0],[-0.434,0],[-0.434,-40.195]],"c":true},"ix":2},"nm":"h","mn":"ADBE Vector Shape - Group","hd":false},{"ty":"fl","c":{"a":0,"k":[0.9961,0.9608,0.7412,1],"ix":4},"o":{"a":0,"k":100,"ix":5},"r":1,"bm":0,"nm":"Fill 1","mn":"ADBE Vector Graphic - Fill","hd":false},{"ty":"tr","p":{"a":0,"k":[0,0],"ix":2},"a":{"a":0,"k":[0,0],"ix":1},"s":{"a":0,"k":[100,100],"ix":3},"r":{"a":0,"k":0,"ix":6},"o":{"a":0,"k":100,"ix":7},"sk":{"a":0,"k":0,"ix":4},"sa":{"a":0,"k":0,"ix":5},"nm":"Transform"}],"nm":"h","np":3,"cix":2,"bm":0,"ix":1,"mn":"ADBE Vector Group","hd":false},{"ty":"gr","it":[{"ind":0,"ty":"sh","ix":1,"ks":{"a":0,"k":{"i":[[-8.812,0],[0,7.78],[8.812,0],[0,-7.391]],"o":[[8.812,0],[0,-7.391],[-8.812,0],[0,7.391]],"v":[[25.889,-78.056],[40.492,-91.541],[25.889,-104.248],[11.287,-91.152]],"c":true},"ix":2},"nm":"i","mn":"ADBE Vector Shape - Group","hd":false},{"ind":1,"ty":"sh","ix":2,"ks":{"a":0,"k":{"i":[[0,0],[0,0],[0,0],[0,0]],"o":[[0,0],[0,0],[0,0],[0,0]],"v":[[13.93,0],[37.848,0],[37.848,-70.277],[13.93,-70.277]],"c":true},"ix":2},"nm":"i","mn":"ADBE Vector Shape - Group","hd":false},{"ty":"mm","mm":1,"nm":"Merge Paths 1","mn":"ADBE Vector Filter - Merge","hd":false},{"ty":"fl","c":{"a":0,"k":[0.9961,0.9608,0.7412,1],"ix":4},"o":{"a":0,"k":100,"ix":5},"r":1,"bm":0,"nm":"Fill 1","mn":"ADBE Vector Graphic - Fill","hd":false},{"ty":"tr","p":{"a":0,"k":[0,0],"ix":2},"a":{"a":0,"k":[0,0],"ix":1},"s":{"a":0,"k":[100,100],"ix":3},"r":{"a":0,"k":0,"ix":6},"o":{"a":0,"k":100,"ix":7},"sk":{"a":0,"k":0,"ix":4},"sa":{"a":0,"k":0,"ix":5},"nm":"Transform"}],"nm":"i","np":5,"cix":2,"bm":0,"ix":2,"mn":"ADBE Vector Group","hd":false}],"ip":32,"op":111,"st":3,"bm":0},{"ddd":0,"ind":6,"ty":4,"nm":"Tail","sr":1,"ks":{"o":{"a":0,"k":100,"ix":11},"r":{"a":0,"k":0,"ix":10},"p":{"a":0,"k":[752.601,747.905,0],"ix":2},"a":{"a":0,"k":[212.601,-212.095,0],"ix":1},"s":{"a":0,"k":[100,100,100],"ix":6}},"ao":0,"shapes":[{"ty":"gr","it":[{"ind":0,"ty":"sh","ix":1,"ks":{"a":0,"k":{"i":[[-213.26,-193.637],[452,544.001],[10,-471.999]],"o":[[1152,1046],[-416.669,-501.479],[-7.677,362.357]],"v":[[-112,-1034],[-354,490],[2,1.999]],"c":false},"ix":2},"nm":"Path 1","mn":"ADBE Vector Shape - Group","hd":false},{"ty":"tm","s":{"a":1,"k":[{"i":{"x":[0.534],"y":[1.011]},"o":{"x":[0.739],"y":[0.774]},"t":1.754,"s":[0]},{"t":21.6279296875,"s":[100]}],"ix":1},"e":{"a":1,"k":[{"i":{"x":[0.534],"y":[1.012]},"o":{"x":[0.581],"y":[0.653]},"t":0,"s":[0]},{"t":21.6279296875,"s":[100]}],"ix":2},"o":{"a":0,"k":0,"ix":3},"m":1,"ix":2,"nm":"Trim Paths 1","mn":"ADBE Vector Filter - Trim","hd":false},{"ty":"st","c":{"a":0,"k":[0.9725,0.8824,0.3216,1],"ix":3},"o":{"a":0,"k":100,"ix":4},"w":{"a":0,"k":50,"ix":5},"lc":2,"lj":1,"ml":4,"bm":0,"nm":"Stroke 1","mn":"ADBE Vector Graphic - Stroke","hd":false},{"ty":"tr","p":{"a":0,"k":[0,0],"ix":2},"a":{"a":0,"k":[0,0],"ix":1},"s":{"a":0,"k":[100,100],"ix":3},"r":{"a":0,"k":0,"ix":6},"o":{"a":0,"k":100,"ix":7},"sk":{"a":0,"k":0,"ix":4},"sa":{"a":0,"k":0,"ix":5},"nm":"Transform"}],"nm":"Shape 1","np":4,"cix":2,"bm":0,"ix":1,"mn":"ADBE Vector Group","hd":false}],"ip":0,"op":21,"st":0,"bm":0},{"ddd":0,"ind":7,"ty":4,"nm":"Ball","sr":1,"ks":{"o":{"a":0,"k":100,"ix":11},"r":{"a":0,"k":0,"ix":10},"p":{"a":1,"k":[{"i":{"x":0.763,"y":0.73},"o":{"x":0.497,"y":0.372},"t":0,"s":[428,-74,0],"to":[1146,1040,0],"ti":[452,544.001,0]},{"i":{"x":0.522,"y":1},"o":{"x":0.28,"y":0.604},"t":10.981,"s":[186,1449.999,0],"to":[-416.669,-501.479,0],"ti":[10,-471.998,0]},{"t":20.9072265625,"s":[540,960,0]}],"ix":2},"a":{"a":0,"k":[105.664,-125.889,0],"ix":1},"s":{"a":0,"k":[100,100,100],"ix":6}},"ao":0,"shapes":[{"ty":"gr","it":[{"ty":"rc","d":1,"s":{"a":0,"k":[50,50],"ix":2},"p":{"a":0,"k":[0,0],"ix":3},"r":{"a":0,"k":100,"ix":4},"nm":"Rectangle Path 1","mn":"ADBE Vector Shape - Rect","hd":false},{"ty":"fl","c":{"a":0,"k":[0.9725,0.8824,0.3216,1],"ix":4},"o":{"a":0,"k":100,"ix":5},"r":1,"bm":0,"nm":"Fill 1","mn":"ADBE Vector Graphic - Fill","hd":false},{"ty":"tr","p":{"a":0,"k":[105.664,-125.889],"ix":2},"a":{"a":0,"k":[0,0],"ix":1},"s":{"a":0,"k":[100,100],"ix":3},"r":{"a":0,"k":0,"ix":6},"o":{"a":0,"k":100,"ix":7},"sk":{"a":0,"k":0,"ix":4},"sa":{"a":0,"k":0,"ix":5},"nm":"Transform"}],"nm":"Rectangle 1","np":3,"cix":2,"bm":0,"ix":1,"mn":"ADBE Vector Group","hd":false}],"ip":0,"op":21,"st":0,"bm":0},{"ddd":0,"ind":8,"ty":4,"nm":"Tail 2","sr":1,"ks":{"o":{"a":0,"k":100,"ix":11},"r":{"a":0,"k":-180,"ix":10},"p":{"a":0,"k":[327.399,1172.095,0],"ix":2},"a":{"a":0,"k":[212.601,-212.095,0],"ix":1},"s":{"a":0,"k":[100,100,100],"ix":6}},"ao":0,"shapes":[{"ty":"gr","it":[{"ind":0,"ty":"sh","ix":1,"ks":{"a":0,"k":{"i":[[-213.26,-193.637],[452,544.001],[10,-471.999]],"o":[[1152,1046],[-416.669,-501.479],[-7.677,362.357]],"v":[[-112,-1034],[-354,490],[2,1.999]],"c":false},"ix":2},"nm":"Path 1","mn":"ADBE Vector Shape - Group","hd":false},{"ty":"tm","s":{"a":1,"k":[{"i":{"x":[0.534],"y":[1.011]},"o":{"x":[0.739],"y":[0.774]},"t":1.754,"s":[0]},{"t":21.6279296875,"s":[100]}],"ix":1},"e":{"a":1,"k":[{"i":{"x":[0.534],"y":[1.012]},"o":{"x":[0.581],"y":[0.653]},"t":0,"s":[0]},{"t":21.6279296875,"s":[100]}],"ix":2},"o":{"a":0,"k":0,"ix":3},"m":1,"ix":2,"nm":"Trim Paths 1","mn":"ADBE Vector Filter - Trim","hd":false},{"ty":"st","c":{"a":0,"k":[0.9725,0.8824,0.3216,1],"ix":3},"o":{"a":0,"k":100,"ix":4},"w":{"a":0,"k":50,"ix":5},"lc":2,"lj":1,"ml":4,"bm":0,"nm":"Stroke 1","mn":"ADBE Vector Graphic - Stroke","hd":false},{"ty":"tr","p":{"a":0,"k":[0,0],"ix":2},"a":{"a":0,"k":[0,0],"ix":1},"s":{"a":0,"k":[100,100],"ix":3},"r":{"a":0,"k":0,"ix":6},"o":{"a":0,"k":100,"ix":7},"sk":{"a":0,"k":0,"ix":4},"sa":{"a":0,"k":0,"ix":5},"nm":"Transform"}],"nm":"Shape 1","np":4,"cix":2,"bm":0,"ix":1,"mn":"ADBE Vector Group","hd":false}],"ip":0,"op":22,"st":0,"bm":0},{"ddd":0,"ind":9,"ty":4,"nm":"Ball 3","parent":1,"sr":1,"ks":{"o":{"a":0,"k":100,"ix":11},"r":{"a":1,"k":[{"i":{"x":[0.581],"y":[1.922]},"o":{"x":[0.899],"y":[-0.003]},"t":20,"s":[-180]},{"t":37,"s":[-90]}],"ix":10},"p":{"a":1,"k":[{"i":{"x":0.763,"y":0.73},"o":{"x":0.497,"y":0.372},"t":0,"s":[149.816,1076.376,0],"to":[-1146,-1040,0],"ti":[-452,-544.001,0]},{"i":{"x":0.522,"y":1},"o":{"x":0.28,"y":0.604},"t":10.981,"s":[391.816,-447.623,0],"to":[416.669,501.479,0],"ti":[-10,471.998,0]},{"t":20.9072265625,"s":[37.816,42.376,0]}],"ix":2},"a":{"a":0,"k":[105.664,-125.889,0],"ix":1},"s":{"a":0,"k":[100,100,100],"ix":6}},"ao":0,"shapes":[{"ty":"gr","it":[{"ty":"rc","d":1,"s":{"a":1,"k":[{"i":{"x":[0.403,0.403],"y":[1.78,1.78]},"o":{"x":[0.871,0.871],"y":[-0.354,-0.354]},"t":20,"s":[50,50]},{"t":37,"s":[400,400]}],"ix":2},"p":{"a":0,"k":[0,0],"ix":3},"r":{"a":0,"k":100,"ix":4},"nm":"Rectangle Path 1","mn":"ADBE Vector Shape - Rect","hd":false},{"ty":"fl","c":{"a":0,"k":[0.9725,0.8824,0.3216,1],"ix":4},"o":{"a":0,"k":100,"ix":5},"r":1,"bm":0,"nm":"Fill 1","mn":"ADBE Vector Graphic - Fill","hd":false},{"ty":"tr","p":{"a":0,"k":[105.664,-125.889],"ix":2},"a":{"a":0,"k":[0,0],"ix":1},"s":{"a":0,"k":[100,100],"ix":3},"r":{"a":0,"k":0,"ix":6},"o":{"a":0,"k":100,"ix":7},"sk":{"a":0,"k":0,"ix":4},"sa":{"a":0,"k":0,"ix":5},"nm":"Transform"}],"nm":"Rectangle 1","np":3,"cix":2,"bm":0,"ix":1,"mn":"ADBE Vector Group","hd":false},{"ty":"gr","it":[{"ty":"rc","d":1,"s":{"a":1,"k":[{"i":{"x":[0.403,0.403],"y":[1.78,1.78]},"o":{"x":[0.871,0.871],"y":[-0.354,-0.354]},"t":20,"s":[50,50]},{"t":37,"s":[400,400]}],"ix":2},"p":{"a":1,"k":[{"i":{"x":0.403,"y":0.597},"o":{"x":0.871,"y":0.183},"t":24,"s":[0,0],"to":[-3.333,-0.333],"ti":[3.333,0.333]},{"t":37,"s":[-20,-2]}],"ix":3},"r":{"a":0,"k":100,"ix":4},"nm":"Rectangle Path 1","mn":"ADBE Vector Shape - Rect","hd":false},{"ty":"fl","c":{"a":0,"k":[1,0.5569,0.2275,1],"ix":4},"o":{"a":0,"k":100,"ix":5},"r":1,"bm":0,"nm":"Fill 1","mn":"ADBE Vector Graphic - Fill","hd":false},{"ty":"tr","p":{"a":0,"k":[105.664,-125.889],"ix":2},"a":{"a":0,"k":[0,0],"ix":1},"s":{"a":0,"k":[100,100],"ix":3},"r":{"a":0,"k":0,"ix":6},"o":{"a":0,"k":100,"ix":7},"sk":{"a":0,"k":0,"ix":4},"sa":{"a":0,"k":0,"ix":5},"nm":"Transform"}],"nm":"Rectangle 2","np":3,"cix":2,"bm":0,"ix":2,"mn":"ADBE Vector Group","hd":false}],"ip":0,"op":111,"st":0,"bm":0}],"markers":[]}