{"nm":"Final","ddd":0,"h":200,"w":800,"meta":{"g":"@lottiefiles/toolkit-js 0.33.2"},"layers":[{"ty":0,"nm":"Handwritten Welcome","sr":1,"st":0,"op":250,"ip":0,"hd":false,"ddd":0,"bm":0,"hasMask":false,"ao":0,"ks":{"a":{"a":0,"k":[400,100,0],"ix":1},"s":{"a":0,"k":[100,100,100],"ix":6},"sk":{"a":0,"k":0},"p":{"a":0,"k":[400,100,0],"ix":2},"r":{"a":0,"k":0,"ix":10},"sa":{"a":0,"k":0},"o":{"a":0,"k":100,"ix":11}},"ef":[],"w":800,"h":200,"refId":"comp_0","ind":1}],"v":"5.7.1","fr":25,"op":75,"ip":0,"assets":[{"nm":"","id":"comp_0","layers":[{"ty":4,"nm":"Shape Layer 1","sr":1,"st":0,"op":250,"ip":0,"hd":false,"ddd":0,"bm":0,"hasMask":false,"td":1,"ao":0,"ks":{"a":{"a":0,"k":[0,0,0],"ix":1},"s":{"a":0,"k":[100,100,100],"ix":6},"sk":{"a":0,"k":0},"p":{"a":0,"k":[400,94,0],"ix":2},"r":{"a":0,"k":0,"ix":10},"sa":{"a":0,"k":0},"o":{"a":0,"k":100,"ix":11}},"ef":[],"shapes":[{"ty":"gr","bm":0,"hd":false,"mn":"ADBE Vector Group","nm":"Shape 1","ix":1,"cix":2,"np":3,"it":[{"ty":"sh","bm":0,"hd":false,"mn":"ADBE Vector Shape - Group","nm":"Path 1","ix":1,"d":1,"ks":{"a":0,"k":{"c":false,"i":[[0,0],[0,0],[0,0],[0,0],[0,0],[0,0],[0,0],[0,0],[0,0],[0,0],[0,0],[0,0],[0,0],[0,0],[0,0],[0,0],[0,0],[0,0],[0,0],[0,0],[0,0],[0,0],[0,0],[0,0],[0,0],[0,0],[0,0],[0,0],[0,0],[0,0],[0,0],[0,0],[0,0],[0,0],[0,0],[0,0],[0,0],[0,0],[0,0],[0,0],[0,0],[0,0],[0,0],[0,0],[0,0],[0,0],[0,0],[0,0],[0,0],[0,0],[0,0],[0,0],[0,0],[0,0],[0,0],[0,0],[0,0],[0,0],[0,0],[0,0],[0,0],[0,0],[0,0],[0,0],[0,0],[0,0],[0,0],[0,0],[0,0],[0,0],[0,0],[0,0],[0,0],[0,0],[0,0],[0,0],[0,0],[0,0],[0,0],[0,0],[0,0],[0,0],[0,0],[0,0],[0,0],[0,0],[0,0],[0,0],[0,0],[0,0],[0,0],[0,0],[0,0],[0,0],[0,0],[0,0],[0,0],[0,0],[0,0],[0,0],[0,0],[0,0],[0,0],[0,0],[0,0],[0,0],[0,0],[0,0],[0,0],[0,0],[0,0],[0,0],[0,0],[0,0],[0,0],[0,0],[0,0],[0,0],[0,0],[0,0],[0,0],[0,0],[0,0],[0,0],[0,0],[0,0],[0,0],[0,0],[0,0],[0,0],[0,0],[0,0],[0,0],[0,0],[0,0],[0,0],[0,0],[0,0],[0,0],[0,0],[0,0],[0,0],[0,0],[0,0],[0,0],[0,0],[0,0],[0,0],[0,0],[0,0],[0,0],[0,0],[0,0],[0,0],[0,0],[0,0],[0,0],[0,0],[0,0],[0,0],[0,0],[0,0],[0,0],[0,0],[0,0],[0,0],[0,0],[0,0],[0,0],[0,0],[0,0],[0,0],[0,0],[0,0],[0,0],[0,0],[0,0],[0,0],[0,0],[0,0],[0,0],[0,0],[0,0],[0,0],[0,0],[0,0],[0,0],[0,0],[0,0],[0,0],[0,0],[0,0],[0,0],[0,0],[0,0],[0,0],[0,0],[0,0],[0,0],[0,0],[0,0],[0,0],[0,0],[0,0],[0,0],[0,0],[0,0],[0,0],[0,0],[0,0],[0,0],[0,0],[0,0],[0,0],[0,0],[0,0],[0,0],[0,0],[0,0],[0,0],[0,0],[0,0],[0,0],[0,0],[0,0],[0,0],[0,0],[0,0],[0,0],[0,0],[0,0],[0,0],[0,0],[0,0],[0,0],[0,0],[0,0],[0,0],[0,0],[0,0],[0,0],[0,0],[0,0],[0,0],[0,0],[0,0],[0,0],[0,0],[0,0],[0,0],[0,0],[0,0],[0,0],[0,0]],"o":[[0,0],[0,0],[0,0],[0,0],[0,0],[0,0],[0,0],[0,0],[0,0],[0,0],[0,0],[0,0],[0,0],[0,0],[0,0],[0,0],[0,0],[0,0],[0,0],[0,0],[0,0],[0,0],[0,0],[0,0],[0,0],[0,0],[0,0],[0,0],[0,0],[0,0],[0,0],[0,0],[0,0],[0,0],[0,0],[0,0],[0,0],[0,0],[0,0],[0,0],[0,0],[0,0],[0,0],[0,0],[0,0],[0,0],[0,0],[0,0],[0,0],[0,0],[0,0],[0,0],[0,0],[0,0],[0,0],[0,0],[0,0],[0,0],[0,0],[0,0],[0,0],[0,0],[0,0],[0,0],[0,0],[0,0],[0,0],[0,0],[0,0],[0,0],[0,0],[0,0],[0,0],[0,0],[0,0],[0,0],[0,0],[0,0],[0,0],[0,0],[0,0],[0,0],[0,0],[0,0],[0,0],[0,0],[0,0],[0,0],[0,0],[0,0],[0,0],[0,0],[0,0],[0,0],[0,0],[0,0],[0,0],[0,0],[0,0],[0,0],[0,0],[0,0],[0,0],[0,0],[0,0],[0,0],[0,0],[0,0],[0,0],[0,0],[0,0],[0,0],[0,0],[0,0],[0,0],[0,0],[0,0],[0,0],[0,0],[0,0],[0,0],[0,0],[0,0],[0,0],[0,0],[0,0],[0,0],[0,0],[0,0],[0,0],[0,0],[0,0],[0,0],[0,0],[0,0],[0,0],[0,0],[0,0],[0,0],[0,0],[0,0],[0,0],[0,0],[0,0],[0,0],[0,0],[0,0],[0,0],[0,0],[0,0],[0,0],[0,0],[0,0],[0,0],[0,0],[0,0],[0,0],[0,0],[0,0],[0,0],[0,0],[0,0],[0,0],[0,0],[0,0],[0,0],[0,0],[0,0],[0,0],[0,0],[0,0],[0,0],[0,0],[0,0],[0,0],[0,0],[0,0],[0,0],[0,0],[0,0],[0,0],[0,0],[0,0],[0,0],[0,0],[0,0],[0,0],[0,0],[0,0],[0,0],[0,0],[0,0],[0,0],[0,0],[0,0],[0,0],[0,0],[0,0],[0,0],[0,0],[0,0],[0,0],[0,0],[0,0],[0,0],[0,0],[0,0],[0,0],[0,0],[0,0],[0,0],[0,0],[0,0],[0,0],[0,0],[0,0],[0,0],[0,0],[0,0],[0,0],[0,0],[0,0],[0,0],[0,0],[0,0],[0,0],[0,0],[0,0],[0,0],[0,0],[0,0],[0,0],[0,0],[0,0],[0,0],[0,0],[0,0],[0,0],[0,0],[0,0],[0,0],[0,0],[0,0],[0,0],[0,0],[0,0],[0,0],[0,0],[0,0],[0,0],[0,0],[0,0],[0,0],[0,0]],"v":[[-279.75,-73.5],[-276,-66.5],[-273.5,-59.75],[-273.5,-53.5],[-274.25,-43.25],[-277.25,-34.5],[-281.25,-25.5],[-286.25,-17.5],[-291,-11.25],[-299.25,-3.25],[-307.5,0.25],[-316,-0.75],[-325.5,-7.25],[-327.25,-20.25],[-322.25,-28],[-314,-37],[-301,-45],[-285.75,-49.25],[-276.5,-49],[-264.5,-45.75],[-260.25,-42.75],[-255,-34.5],[-255.75,-22.25],[-261.25,-12],[-268.25,-2.75],[-272,4.75],[-279.75,15.5],[-287,26.75],[-289.5,38],[-289.5,50],[-285,57.75],[-279,61.5],[-272,62.75],[-262,61.5],[-250.25,55.25],[-241.25,48.25],[-232.75,40.5],[-226.5,30],[-219,14],[-213.25,0.25],[-210,-6.5],[-206.25,-13.5],[-202.75,-21.25],[-199.5,-31.75],[-195.5,-40],[-190.25,-46.75],[-191,-38],[-195,-32.25],[-197.5,-24],[-201.25,-15],[-206,-4.25],[-209.5,5.75],[-214,16.5],[-216,26.5],[-217.25,34.25],[-217.5,44],[-215.75,51],[-210.5,58.25],[-203,60.75],[-192.25,61],[-181.5,55.75],[-172.5,48.25],[-164,38],[-158,28.75],[-151,18.75],[-143.75,4.75],[-140.25,-5.5],[-134.25,-24.75],[-132.5,-41.75],[-131.75,-54],[-134.5,-65.25],[-145,18],[-161,87],[-156,70.25],[-152.5,61.25],[-148.25,51.5],[-145.25,41.75],[-144,34.75],[-137.75,34.25],[-131.75,34.25],[-123.5,34.25],[-112.25,32.5],[-101.5,29],[-88,21.25],[-83.25,11.25],[-87,4],[-96.75,4],[-106.75,7],[-119,18],[-126,26.75],[-129,40.25],[-128,51],[-117.5,58.25],[-106,59.25],[-98,59.25],[-87.25,55.5],[-80,48.25],[-73.5,43.25],[-67.25,33.25],[-63,21.25],[-59,9.75],[-54.25,-0.25],[-49.25,-9],[-45.75,-17],[-41,-26],[-34,-41],[-37.75,-27.5],[-41.5,-18.75],[-45.75,-7.75],[-52,5],[-56.25,13.5],[-60.5,24],[-64.5,36.5],[-65.5,42.25],[-66.75,52.5],[-63.25,58],[-56.25,60],[-48,57],[-42.25,51.75],[-44,37.5],[-41.75,15.25],[-16.5,-13.75],[4.75,-17.25],[22.5,-12.5],[29.5,-6.5],[11.5,25.25],[16.25,10.25],[13.5,6.25],[2,5.5],[-12.25,12],[-20.25,20],[-27,30.75],[-28.5,39.75],[-28,49],[-23.5,55.25],[-14.75,58.75],[-4.75,59.5],[6.5,57.25],[17,53.75],[27,45.75],[34,43.25],[36,51.25],[41.5,58],[43.25,59.25],[61.25,57.25],[82.75,33.75],[83.5,24.5],[83,16.5],[79.25,8.75],[68,5.5],[60.5,6],[51.25,10],[43.5,17.25],[37,27.5],[35,38],[37.75,47.25],[42.25,58.75],[63.5,59.5],[70,49.5],[74,51],[76,51.5],[85.25,52.25],[90.75,49],[97.25,45.25],[103.25,38.25],[110.25,24],[114.5,12.5],[121,-8.25],[120.25,4.5],[116.5,17.5],[91.625,66.75],[91.25,65.75],[93.75,67.25],[93.5,67.5],[111.25,43.75],[122.75,19.5],[129,14.25],[135.5,8.25],[142.75,5.25],[148,6.5],[152.25,9.25],[151.5,15.25],[149,24.25],[144.5,33],[140.5,41.75],[138.25,50],[134,57.75],[131.75,65],[136.5,61],[141.25,53.25],[146,42],[151.25,32],[155.5,23.75],[162.25,16.75],[167.75,10.25],[174.25,7.25],[181,6.5],[186.75,9.5],[186.75,16.5],[183,26.25],[178.5,35.25],[175.25,43],[174.25,52.5],[175,56],[177,59.25],[181.75,60.5],[186.75,60.5],[191.25,58.75],[196.25,55.5],[201,51.75],[204.25,48.75],[209.042,46.347],[243.028,29.07],[246.889,27.035],[250.624,23.753],[254,20],[257.5,16],[253.5,7.25],[249.75,4],[240.25,4.5],[235.75,5],[229,10],[221,17.75],[217,25.25],[215,31],[214,41.25],[215,48.75],[218.25,55.5],[223.75,58.25],[233.5,59.75],[243.25,59],[253,54.75],[265.75,46.5],[272.5,39.25],[276.25,22],[274.75,-2.25],[274.5,-22.5],[283.25,-56.5],[302.25,-76],[330.75,-78],[333,-68.5],[327.25,-51.75],[320.5,-38],[312.25,-16.5],[305.75,-2],[302.25,9.75],[297.5,18.75],[295.75,26.75],[293.25,36.25],[291.75,43.25],[286.5,50.25],[283.5,57],[289.5,60.5],[294.5,46]]},"ix":2}},{"ty":"st","bm":0,"hd":false,"mn":"ADBE Vector Graphic - Stroke","nm":"Stroke 1","lc":2,"lj":2,"ml":1,"o":{"a":0,"k":100,"ix":4},"w":{"a":0,"k":18,"ix":5},"c":{"a":0,"k":[0.9294,0.3137,0.6196,1],"ix":3}},{"ty":"tr","a":{"a":0,"k":[0,0],"ix":1},"s":{"a":0,"k":[100,100],"ix":3},"sk":{"a":0,"k":0,"ix":4},"p":{"a":0,"k":[0,0],"ix":2},"r":{"a":0,"k":0,"ix":6},"sa":{"a":0,"k":0,"ix":5},"o":{"a":0,"k":100,"ix":7}}]},{"ty":"tm","bm":0,"hd":false,"mn":"ADBE Vector Filter - Trim","nm":"Trim Paths 1","ix":2,"e":{"a":1,"k":[{"o":{"x":0.333,"y":0},"i":{"x":0.667,"y":1},"s":[0],"t":0},{"s":[100],"t":50}],"ix":2},"o":{"a":0,"k":0,"ix":3},"s":{"a":0,"k":0,"ix":1},"m":1}],"ind":1},{"ty":4,"nm":"Welcome! Outlines","sr":1,"st":0,"op":250,"ip":0,"hd":false,"ddd":0,"bm":0,"tt":1,"hasMask":false,"ao":0,"ks":{"a":{"a":0,"k":[332.023,-63.522,0],"ix":1},"s":{"a":0,"k":[100,100,100],"ix":6},"sk":{"a":0,"k":0},"p":{"a":0,"k":[400,94,0],"ix":2},"r":{"a":0,"k":0,"ix":10},"sa":{"a":0,"k":0},"o":{"a":0,"k":100,"ix":11}},"ef":[],"shapes":[{"ty":"gr","bm":0,"hd":false,"mn":"ADBE Vector Group","nm":"W","ix":1,"cix":2,"np":5,"it":[{"ty":"sh","bm":0,"hd":false,"mn":"ADBE Vector Shape - Group","nm":"W","ix":1,"d":1,"ks":{"a":0,"k":{"c":true,"i":[[0,-25.227],[-15.257,0],[-13.898,18.43],[0,0],[-14.653,0],[-14.804,20.242],[0,26.285],[4.532,0],[0,-2.719],[0,-3.777],[15.106,-21.904],[8.762,0],[0,11.179],[-7.251,16.164],[0,5.136],[3.928,0],[3.625,-7.704],[4.532,-9.668],[17.976,0],[0,8.459],[0,25.529],[10.876,3.474],[0,0],[5.287,0],[0,-2.87],[-0.604,-0.906],[-0.151,-3.777],[0,-19.94],[-12.689,0],[-6.345,21.904],[0,-4.532]],"o":[[0,15.559],[15.862,0],[0,0],[0,19.336],[15.862,0],[17.825,-24.17],[0,-8.157],[-4.079,0],[0,2.115],[0,22.206],[-13.596,19.638],[-7.855,0],[0,-17.523],[8.762,-14.049],[0,-3.928],[-4.079,0],[-3.172,6.798],[-14.049,29.306],[-6.647,0],[0,-23.566],[0,-10.876],[0,0],[0,-10.121],[-3.474,0],[0,0.604],[0.604,1.057],[-25.529,1.208],[0,12.085],[18.581,0],[2.719,2.417],[0,23.415]],"v":[[34.593,-20.242],[60.878,5.287],[106.65,-25.529],[106.65,-24.774],[132.481,5.287],[177.045,-25.681],[208.919,-109.671],[200.006,-122.209],[192.453,-116.016],[193.359,-109.671],[165.413,-34.593],[134.596,-7.1],[121.303,-24.623],[134.294,-70.999],[145.775,-99.248],[139.43,-105.894],[128.252,-94.414],[114.807,-64.201],[63.144,-6.798],[50.304,-19.789],[83.99,-93.81],[66.467,-116.469],[66.467,-116.922],[56.346,-132.33],[50.002,-127.043],[50.908,-124.626],[52.116,-118.13],[-1.511,-77.042],[18.732,-58.008],[64.503,-104.384],[68.733,-93.961]]},"ix":2}},{"ty":"sh","bm":0,"hd":false,"mn":"ADBE Vector Shape - Group","nm":"W","ix":2,"d":1,"ks":{"a":0,"k":{"c":true,"i":[[12.689,0],[0,4.079],[-18.43,1.511]],"o":[[-3.928,0],[0,-14.955],[-4.381,17.372]],"v":[[19.185,-69.64],[12.84,-76.437],[50.757,-107.556]]},"ix":2}},{"ty":"mm","bm":0,"hd":false,"mn":"ADBE Vector Filter - Merge","nm":"Merge Paths 1","mm":1},{"ty":"fl","bm":0,"hd":false,"mn":"ADBE Vector Graphic - Fill","nm":"Fill 1","c":{"a":0,"k":[0.9294,0.3137,0.6196,1],"ix":4},"r":1,"o":{"a":0,"k":100,"ix":5}},{"ty":"tr","a":{"a":0,"k":[0,0],"ix":1},"s":{"a":0,"k":[100,100],"ix":3},"sk":{"a":0,"k":0,"ix":4},"p":{"a":0,"k":[0,0],"ix":2},"r":{"a":0,"k":0,"ix":6},"sa":{"a":0,"k":0,"ix":5},"o":{"a":0,"k":100,"ix":7}}]},{"ty":"gr","bm":0,"hd":false,"mn":"ADBE Vector Group","nm":"e","ix":2,"cix":2,"np":5,"it":[{"ty":"sh","bm":0,"hd":false,"mn":"ADBE Vector Shape - Group","nm":"e","ix":1,"d":1,"ks":{"a":0,"k":{"c":true,"i":[[1.964,-3.172],[14.2,0],[0,7.553],[-0.151,1.057],[0,11.632],[11.481,0],[0,-24.925],[-17.825,0],[-10.272,16.164],[0,1.057],[3.021,0]],"o":[[-7.855,12.236],[-8.006,0],[0,-1.208],[24.925,-3.625],[0,-8.308],[-17.372,0],[0,13.747],[20.847,0],[0.604,-0.906],[0,-2.719],[-2.87,0]],"v":[[259.637,-27.644],[225.648,-8.611],[211.599,-20.242],[211.75,-23.717],[255.558,-50.153],[237.431,-63.144],[196.04,-19.789],[223.986,1.511],[270.966,-25.227],[271.873,-28.249],[266.283,-33.083]]},"ix":2}},{"ty":"sh","bm":0,"hd":false,"mn":"ADBE Vector Shape - Group","nm":"e","ix":2,"d":1,"ks":{"a":0,"k":{"c":true,"i":[[-7.251,0],[0,-1.964],[16.164,-3.323]],"o":[[2.568,0],[0,7.251],[4.834,-12.236]],"v":[[236.675,-53.929],[241.056,-50.908],[214.167,-33.385]]},"ix":2}},{"ty":"mm","bm":0,"hd":false,"mn":"ADBE Vector Filter - Merge","nm":"Merge Paths 1","mm":1},{"ty":"fl","bm":0,"hd":false,"mn":"ADBE Vector Graphic - Fill","nm":"Fill 1","c":{"a":0,"k":[0.9294,0.3137,0.6196,1],"ix":4},"r":1,"o":{"a":0,"k":100,"ix":5}},{"ty":"tr","a":{"a":0,"k":[0,0],"ix":1},"s":{"a":0,"k":[100,100],"ix":3},"sk":{"a":0,"k":0,"ix":4},"p":{"a":0,"k":[0,0],"ix":2},"r":{"a":0,"k":0,"ix":6},"sa":{"a":0,"k":0,"ix":5},"o":{"a":0,"k":100,"ix":7}}]},{"ty":"gr","bm":0,"hd":false,"mn":"ADBE Vector Group","nm":"l","ix":3,"cix":2,"np":3,"it":[{"ty":"sh","bm":0,"hd":false,"mn":"ADBE Vector Shape - Group","nm":"l","ix":1,"d":1,"ks":{"a":0,"k":{"c":true,"i":[[-9.215,14.2],[0,1.057],[3.021,0],[1.964,-3.172],[6.345,0],[0,4.985],[-7.251,16.013],[0,0],[0,5.891],[3.625,0],[4.23,-8.157],[0,-14.653],[-10.725,0]],"o":[[0.604,-0.906],[0,-2.719],[-2.87,0],[-6.798,10.574],[-3.021,0],[0,-9.064],[0,0],[9.668,-16.466],[0,-3.323],[-3.172,0],[-11.33,21.753],[0,11.33],[12.991,0]],"v":[[308.746,-25.227],[309.652,-28.249],[304.063,-33.083],[297.416,-27.644],[275.965,-7.553],[270.678,-14.955],[283.518,-55.138],[283.669,-55.138],[302.099,-92.601],[296.056,-98.19],[283.669,-85.35],[256.78,-15.408],[274.152,1.511]]},"ix":2}},{"ty":"fl","bm":0,"hd":false,"mn":"ADBE Vector Graphic - Fill","nm":"Fill 1","c":{"a":0,"k":[0.9294,0.3137,0.6196,1],"ix":4},"r":1,"o":{"a":0,"k":100,"ix":5}},{"ty":"tr","a":{"a":0,"k":[0,0],"ix":1},"s":{"a":0,"k":[100,100],"ix":3},"sk":{"a":0,"k":0,"ix":4},"p":{"a":0,"k":[0,0],"ix":2},"r":{"a":0,"k":0,"ix":6},"sa":{"a":0,"k":0,"ix":5},"o":{"a":0,"k":100,"ix":7}}]},{"ty":"gr","bm":0,"hd":false,"mn":"ADBE Vector Group","nm":"c","ix":4,"cix":2,"np":3,"it":[{"ty":"sh","bm":0,"hd":false,"mn":"ADBE Vector Shape - Group","nm":"c","ix":1,"d":1,"ks":{"a":0,"k":{"c":true,"i":[[14.2,0],[0,7.855],[-10.272,0],[-0.755,-0.453],[0,-2.115],[-4.683,0],[0,8.611],[11.179,0],[0,-23.415],[-17.976,0],[-10.272,16.164],[0,1.057],[3.021,0],[1.964,-3.172]],"o":[[-8.459,0],[0,-17.674],[1.511,0],[-3.323,5.136],[0,3.777],[5.136,0],[0,-6.798],[-18.279,0],[0,14.351],[20.847,0],[0.604,-0.906],[0,-2.719],[-2.87,0],[-7.855,12.236]],"v":[[325.848,-8.611],[311.95,-20.242],[338.537,-53.778],[342.162,-53.023],[337.328,-42.297],[344.73,-35.802],[357.117,-50.908],[339.141,-63.144],[296.088,-20.393],[324.186,1.511],[371.166,-25.227],[372.073,-28.249],[366.483,-33.083],[359.837,-27.644]]},"ix":2}},{"ty":"fl","bm":0,"hd":false,"mn":"ADBE Vector Graphic - Fill","nm":"Fill 1","c":{"a":0,"k":[0.9294,0.3137,0.6196,1],"ix":4},"r":1,"o":{"a":0,"k":100,"ix":5}},{"ty":"tr","a":{"a":0,"k":[0,0],"ix":1},"s":{"a":0,"k":[100,100],"ix":3},"sk":{"a":0,"k":0,"ix":4},"p":{"a":0,"k":[0,0],"ix":2},"r":{"a":0,"k":0,"ix":6},"sa":{"a":0,"k":0,"ix":5},"o":{"a":0,"k":100,"ix":7}}]},{"ty":"gr","bm":0,"hd":false,"mn":"ADBE Vector Group","nm":"o","ix":5,"cix":2,"np":5,"it":[{"ty":"sh","bm":0,"hd":false,"mn":"ADBE Vector Shape - Group","nm":"o","ix":1,"d":1,"ks":{"a":0,"k":{"c":true,"i":[[-8.611,13.142],[0,1.057],[3.021,0],[1.964,-3.172],[6.194,0],[1.057,0.151],[0,9.366],[14.804,0],[0,-22.81],[-13.898,0],[-6.647,5.287],[-3.625,0]],"o":[[0.604,-0.906],[0,-2.719],[-2.87,0],[-5.891,9.064],[-1.36,0],[6.345,-8.006],[0,-13.293],[-19.034,0],[0,14.351],[7.855,0],[2.87,0.755],[12.085,0]],"v":[[445.651,-25.227],[446.558,-28.249],[440.968,-33.083],[434.322,-27.644],[416.043,-14.804],[412.569,-15.106],[423.143,-42.146],[399.577,-63.144],[358.337,-20.393],[382.205,1.511],[404.562,-7.1],[414.532,-5.891]]},"ix":2}},{"ty":"sh","bm":0,"hd":false,"mn":"ADBE Vector Shape - Group","nm":"o","ix":2,"d":1,"ks":{"a":0,"k":{"c":true,"i":[[0,-7.402],[3.625,-6.042],[0,-3.777],[-0.453,-0.755],[3.777,0],[0,7.704],[-10.423,0]],"o":[[0,6.949],[-4.381,0.302],[0,0.604],[-3.474,2.87],[-5.438,0],[0,-16.768],[5.136,0]],"v":[[407.886,-42.448],[401.994,-22.055],[394.29,-15.257],[394.894,-13.142],[383.867,-8.459],[374.048,-19.94],[399.275,-53.174]]},"ix":2}},{"ty":"mm","bm":0,"hd":false,"mn":"ADBE Vector Filter - Merge","nm":"Merge Paths 1","mm":1},{"ty":"fl","bm":0,"hd":false,"mn":"ADBE Vector Graphic - Fill","nm":"Fill 1","c":{"a":0,"k":[0.9294,0.3137,0.6196,1],"ix":4},"r":1,"o":{"a":0,"k":100,"ix":5}},{"ty":"tr","a":{"a":0,"k":[0,0],"ix":1},"s":{"a":0,"k":[100,100],"ix":3},"sk":{"a":0,"k":0,"ix":4},"p":{"a":0,"k":[0,0],"ix":2},"r":{"a":0,"k":0,"ix":6},"sa":{"a":0,"k":0,"ix":5},"o":{"a":0,"k":100,"ix":7}}]},{"ty":"gr","bm":0,"hd":false,"mn":"ADBE Vector Group","nm":"m","ix":6,"cix":2,"np":3,"it":[{"ty":"sh","bm":0,"hd":false,"mn":"ADBE Vector Shape - Group","nm":"m","ix":1,"d":1,"ks":{"a":0,"k":{"c":true,"i":[[1.964,-3.172],[6.345,0],[0,3.474],[0,12.387],[8.61,0],[7.553,-9.215],[0,1.057],[8.762,0],[8.006,-9.215],[0,0],[0,1.208],[3.777,0],[1.813,-4.381],[5.287,-16.315],[0,-1.36],[-2.87,0],[-0.906,2.87],[-6.345,7.553],[-5.287,0],[0,-1.813],[1.057,-3.474],[3.323,-9.517],[0,-1.208],[-2.568,0],[-1.057,3.323],[-5.589,7.704],[-4.985,0],[0,-1.36],[0,-12.387],[-9.819,0],[-9.215,14.2],[0,1.057],[3.021,0]],"o":[[-6.798,10.574],[-2.417,0],[0,-12.236],[0,-7.855],[-6.949,0],[0.151,-1.057],[0,-7.855],[-7.1,0],[0,0],[1.208,-2.266],[0,-3.021],[-3.625,0],[-5.74,13.747],[-0.453,1.511],[0,3.928],[4.532,0],[3.625,-11.632],[5.891,-7.1],[1.813,0],[0,1.662],[-3.474,10.121],[-0.453,1.511],[0,3.928],[5.287,0],[3.474,-11.33],[5.136,-6.949],[1.813,0],[0,9.819],[0,9.668],[12.991,0],[0.604,-0.906],[0,-2.719],[-2.87,0]],"v":[[538.177,-27.644],[516.877,-7.402],[512.798,-12.84],[526.696,-50.304],[512.496,-63.144],[490.743,-47.585],[491.045,-50.606],[477.903,-63.144],[455.395,-47.736],[457.207,-51.965],[459.171,-57.101],[453.129,-62.389],[444.669,-55.893],[426.542,-7.704],[425.938,-4.079],[431.678,1.511],[438.778,-4.381],[455.697,-37.161],[475.033,-53.174],[477.752,-50.455],[475.788,-42.448],[463.552,-7.855],[462.646,-3.928],[468.235,1.511],[476.09,-5.287],[492.103,-37.463],[509.928,-53.174],[512.798,-50.908],[499.052,-13.898],[515.064,1.511],[549.506,-25.227],[550.413,-28.249],[544.823,-33.083]]},"ix":2}},{"ty":"fl","bm":0,"hd":false,"mn":"ADBE Vector Graphic - Fill","nm":"Fill 1","c":{"a":0,"k":[0.9294,0.3137,0.6196,1],"ix":4},"r":1,"o":{"a":0,"k":100,"ix":5}},{"ty":"tr","a":{"a":0,"k":[0,0],"ix":1},"s":{"a":0,"k":[100,100],"ix":3},"sk":{"a":0,"k":0,"ix":4},"p":{"a":0,"k":[0,0],"ix":2},"r":{"a":0,"k":0,"ix":6},"sa":{"a":0,"k":0,"ix":5},"o":{"a":0,"k":100,"ix":7}}]},{"ty":"gr","bm":0,"hd":false,"mn":"ADBE Vector Group","nm":"e","ix":7,"cix":2,"np":5,"it":[{"ty":"sh","bm":0,"hd":false,"mn":"ADBE Vector Shape - Group","nm":"e","ix":1,"d":1,"ks":{"a":0,"k":{"c":true,"i":[[1.964,-3.172],[14.2,0],[0,7.553],[-0.151,1.057],[0,11.632],[11.481,0],[0,-24.925],[-17.825,0],[-10.272,16.164],[0,1.057],[3.021,0]],"o":[[-7.855,12.236],[-8.006,0],[0,-1.208],[24.925,-3.625],[0,-8.308],[-17.372,0],[0,13.747],[20.847,0],[0.604,-0.906],[0,-2.719],[-2.87,0]],"v":[[599.831,-27.644],[565.842,-8.611],[551.793,-20.242],[551.944,-23.717],[595.752,-50.153],[577.625,-63.144],[536.234,-19.789],[564.18,1.511],[611.16,-25.227],[612.067,-28.249],[606.477,-33.083]]},"ix":2}},{"ty":"sh","bm":0,"hd":false,"mn":"ADBE Vector Shape - Group","nm":"e","ix":2,"d":1,"ks":{"a":0,"k":{"c":true,"i":[[-7.251,0],[0,-1.964],[16.164,-3.323]],"o":[[2.568,0],[0,7.251],[4.834,-12.236]],"v":[[576.869,-53.929],[581.25,-50.908],[554.361,-33.385]]},"ix":2}},{"ty":"mm","bm":0,"hd":false,"mn":"ADBE Vector Filter - Merge","nm":"Merge Paths 1","mm":1},{"ty":"fl","bm":0,"hd":false,"mn":"ADBE Vector Graphic - Fill","nm":"Fill 1","c":{"a":0,"k":[0.9294,0.3137,0.6196,1],"ix":4},"r":1,"o":{"a":0,"k":100,"ix":5}},{"ty":"tr","a":{"a":0,"k":[0,0],"ix":1},"s":{"a":0,"k":[100,100],"ix":3},"sk":{"a":0,"k":0,"ix":4},"p":{"a":0,"k":[0,0],"ix":2},"r":{"a":0,"k":0,"ix":6},"sa":{"a":0,"k":0,"ix":5},"o":{"a":0,"k":100,"ix":7}}]},{"ty":"gr","bm":0,"hd":false,"mn":"ADBE Vector Group","nm":"!","ix":8,"cix":2,"np":5,"it":[{"ty":"sh","bm":0,"hd":false,"mn":"ADBE Vector Shape - Group","nm":"!","ix":1,"d":1,"ks":{"a":0,"k":{"c":true,"i":[[-8.459,19.336],[0,0.755],[3.928,0],[2.568,-5.589],[9.215,-25.681],[0,-1.36],[-3.474,0],[-2.266,6.647]],"o":[[0.302,-0.604],[0,-3.625],[-4.532,0],[-8.913,19.638],[-0.453,1.511],[0,3.625],[6.194,0],[9.668,-27.946]],"v":[[665.103,-110.426],[665.556,-112.541],[659.363,-118.584],[648.94,-110.426],[621.144,-39.578],[620.389,-35.953],[626.582,-30.212],[637.157,-40.182]]},"ix":2}},{"ty":"sh","bm":0,"hd":false,"mn":"ADBE Vector Shape - Group","nm":"!","ix":2,"d":1,"ks":{"a":0,"k":{"c":true,"i":[[0,-8.459],[-4.381,0],[0,7.553],[4.683,0]],"o":[[0,4.532],[6.496,0],[0,-4.381],[-5.438,0]],"v":[[609.966,-6.042],[617.972,1.511],[630.963,-14.351],[623.108,-21.451]]},"ix":2}},{"ty":"mm","bm":0,"hd":false,"mn":"ADBE Vector Filter - Merge","nm":"Merge Paths 1","mm":1},{"ty":"fl","bm":0,"hd":false,"mn":"ADBE Vector Graphic - Fill","nm":"Fill 1","c":{"a":0,"k":[0.9294,0.3137,0.6196,1],"ix":4},"r":1,"o":{"a":0,"k":100,"ix":5}},{"ty":"tr","a":{"a":0,"k":[0,0],"ix":1},"s":{"a":0,"k":[100,100],"ix":3},"sk":{"a":0,"k":0,"ix":4},"p":{"a":0,"k":[0,0],"ix":2},"r":{"a":0,"k":0,"ix":6},"sa":{"a":0,"k":0,"ix":5},"o":{"a":0,"k":100,"ix":7}}]}],"ind":2}]}]}