{"v":"5.5.7","meta":{"g":"LottieFiles AE 0.1.20","a":"","k":"","d":"","tc":""},"fr":60,"ip":0,"op":330,"w":1000,"h":1000,"nm":"02 - Beer Mug","ddd":0,"assets":[],"layers":[{"ddd":0,"ind":1,"ty":3,"nm":"Trigger","sr":1,"ks":{"o":{"a":0,"k":0,"ix":11},"r":{"a":0,"k":0,"ix":10},"p":{"a":0,"k":[500,500,0],"ix":2},"a":{"a":0,"k":[0,0,0],"ix":1},"s":{"a":0,"k":[100,100,100],"ix":6}},"ao":0,"ip":0,"op":330,"st":0,"bm":0},{"ddd":0,"ind":2,"ty":3,"nm":"Out Animation","sr":1,"ks":{"o":{"a":0,"k":0,"ix":11},"r":{"a":1,"k":[{"i":{"x":[0.667],"y":[1]},"o":{"x":[0.167],"y":[0]},"t":0,"s":[0]},{"i":{"x":[0],"y":[1]},"o":{"x":[0.388],"y":[0]},"t":230,"s":[0]},{"i":{"x":[0.633],"y":[1]},"o":{"x":[1],"y":[0]},"t":250,"s":[5]},{"t":290,"s":[-25]}],"ix":10},"p":{"a":0,"k":[500,500,0],"ix":2},"a":{"a":0,"k":[50,50,0],"ix":1},"s":{"a":1,"k":[{"i":{"x":[0,0,0],"y":[1,1,1]},"o":{"x":[0.388,0.388,0.388],"y":[0,0,0]},"t":230,"s":[100,100,100]},{"i":{"x":[0.633,0.633,0.633],"y":[1,1,1]},"o":{"x":[1,1,1],"y":[0,0,0]},"t":250,"s":[110,110,100]},{"t":290,"s":[0,0,100]}],"ix":6}},"ao":0,"ip":0,"op":330,"st":0,"bm":0},{"ddd":0,"ind":3,"ty":3,"nm":"Null 3","parent":2,"sr":1,"ks":{"o":{"a":0,"k":0,"ix":11},"r":{"a":0,"k":0,"ix":10},"p":{"a":1,"k":[{"i":{"x":0.254,"y":1},"o":{"x":0.734,"y":0},"t":38,"s":[50,130,0],"to":[0,0,0],"ti":[0,0,0]},{"t":118,"s":[50,50,0]}],"ix":2},"a":{"a":0,"k":[50,50,0],"ix":1},"s":{"a":0,"k":[100,100,100],"ix":6}},"ao":0,"ip":0,"op":330,"st":0,"bm":0},{"ddd":0,"ind":4,"ty":4,"nm":"Layer 2 Outlines","parent":3,"sr":1,"ks":{"o":{"a":1,"k":[{"i":{"x":[0.254],"y":[1]},"o":{"x":[0.734],"y":[0]},"t":40,"s":[0]},{"t":100,"s":[100]}],"ix":11},"r":{"a":0,"k":0,"ix":10},"p":{"a":0,"k":[-156.528,134.31,0],"ix":2},"a":{"a":0,"k":[9.74,19.229,0],"ix":1},"s":{"a":0,"k":[100,100,100],"ix":6}},"ao":0,"shapes":[{"ty":"gr","it":[{"ind":0,"ty":"sh","ix":1,"ks":{"a":0,"k":{"i":[[5.241,0],[0,0],[0,5.241],[0,0],[-5.241,0],[0,-5.241],[0,0]],"o":[[0,0],[-5.241,0],[0,0],[0,-5.241],[5.241,0],[0,0],[0,5.241]],"v":[[0,18.979],[0,18.979],[-9.49,9.49],[-9.49,-9.49],[0,-18.979],[9.49,-9.49],[9.49,9.49]],"c":true},"ix":2},"nm":"Path 1","mn":"ADBE Vector Shape - Group","hd":false},{"ty":"fl","c":{"a":0,"k":[1,0.795999983245,0.224000010771,1],"ix":4},"o":{"a":0,"k":100,"ix":5},"r":1,"bm":0,"nm":"Fill 1","mn":"ADBE Vector Graphic - Fill","hd":false},{"ty":"tr","p":{"a":0,"k":[9.74,19.229],"ix":2},"a":{"a":0,"k":[0,0],"ix":1},"s":{"a":0,"k":[100,100],"ix":3},"r":{"a":0,"k":0,"ix":6},"o":{"a":0,"k":100,"ix":7},"sk":{"a":0,"k":0,"ix":4},"sa":{"a":0,"k":0,"ix":5},"nm":"Transform"}],"nm":"Group 1","np":2,"cix":2,"bm":0,"ix":1,"mn":"ADBE Vector Group","hd":false}],"ip":0,"op":330,"st":0,"bm":0},{"ddd":0,"ind":5,"ty":4,"nm":"Layer 3 Outlines","parent":3,"sr":1,"ks":{"o":{"a":1,"k":[{"i":{"x":[0.254],"y":[1]},"o":{"x":[0.734],"y":[0]},"t":40,"s":[0]},{"t":100,"s":[100]}],"ix":11},"r":{"a":0,"k":0,"ix":10},"p":{"a":0,"k":[-156.528,33.273,0],"ix":2},"a":{"a":0,"k":[9.74,72.26,0],"ix":1},"s":{"a":0,"k":[100,100,100],"ix":6}},"ao":0,"shapes":[{"ty":"gr","it":[{"ind":0,"ty":"sh","ix":1,"ks":{"a":0,"k":{"i":[[5.241,0],[0,0],[0,5.241],[0,0],[-5.241,0],[0,-5.241],[0,0]],"o":[[0,0],[-5.241,0],[0,0],[0,-5.241],[5.241,0],[0,0],[0,5.241]],"v":[[0,72.01],[0,72.01],[-9.49,62.52],[-9.49,-62.52],[0,-72.01],[9.49,-62.52],[9.49,62.52]],"c":true},"ix":2},"nm":"Path 1","mn":"ADBE Vector Shape - Group","hd":false},{"ty":"fl","c":{"a":0,"k":[1,0.795999983245,0.224000010771,1],"ix":4},"o":{"a":0,"k":100,"ix":5},"r":1,"bm":0,"nm":"Fill 1","mn":"ADBE Vector Graphic - Fill","hd":false},{"ty":"tr","p":{"a":0,"k":[9.74,72.26],"ix":2},"a":{"a":0,"k":[0,0],"ix":1},"s":{"a":0,"k":[100,100],"ix":3},"r":{"a":0,"k":0,"ix":6},"o":{"a":0,"k":100,"ix":7},"sk":{"a":0,"k":0,"ix":4},"sa":{"a":0,"k":0,"ix":5},"nm":"Transform"}],"nm":"Group 1","np":2,"cix":2,"bm":0,"ix":1,"mn":"ADBE Vector Group","hd":false}],"ip":0,"op":330,"st":0,"bm":0},{"ddd":0,"ind":6,"ty":4,"nm":"Layer 4 Outlines","parent":9,"sr":1,"ks":{"o":{"a":0,"k":100,"ix":11},"r":{"a":0,"k":0,"ix":10},"p":{"a":0,"k":[192.275,18.67,0],"ix":2},"a":{"a":0,"k":[198.974,137.012,0],"ix":1},"s":{"a":1,"k":[{"i":{"x":[0.255,0.255,0.255],"y":[1,1,1]},"o":{"x":[0.654,0.654,0.654],"y":[0,0,0]},"t":30,"s":[0,0,100]},{"t":90,"s":[100,100,100]}],"ix":6}},"ao":0,"shapes":[{"ty":"gr","it":[{"ind":0,"ty":"sh","ix":1,"ks":{"a":0,"k":{"i":[[0,-7.707],[4.933,0],[0,7.708],[-4.932,0]],"o":[[0,7.708],[-4.932,0],[0,-7.707],[4.933,0]],"v":[[8.931,-0.001],[-0.001,13.956],[-8.931,-0.001],[-0.001,-13.956]],"c":true},"ix":2},"nm":"Path 1","mn":"ADBE Vector Shape - Group","hd":false},{"ty":"fl","c":{"a":0,"k":[0.898000021542,0.894000004787,0.889999988032,1],"ix":4},"o":{"a":0,"k":100,"ix":5},"r":1,"bm":0,"nm":"Fill 1","mn":"ADBE Vector Graphic - Fill","hd":false},{"ty":"tr","p":{"a":0,"k":[301.686,150.41],"ix":2},"a":{"a":0,"k":[0,0],"ix":1},"s":{"a":0,"k":[100,100],"ix":3},"r":{"a":0,"k":0,"ix":6},"o":{"a":0,"k":100,"ix":7},"sk":{"a":0,"k":0,"ix":4},"sa":{"a":0,"k":0,"ix":5},"nm":"Transform"}],"nm":"Group 1","np":2,"cix":2,"bm":0,"ix":1,"mn":"ADBE Vector Group","hd":false},{"ty":"gr","it":[{"ind":0,"ty":"sh","ix":1,"ks":{"a":0,"k":{"i":[[-1.92,-3.84],[76.509,4.7],[-34.487,28.201]],"o":[[-6.408,5.303],[8.406,0.39],[3.818,2.624]],"v":[[56.419,-5.504],[-56.419,10.651],[47.643,-15.351]],"c":true},"ix":2},"nm":"Path 1","mn":"ADBE Vector Shape - Group","hd":false},{"ty":"fl","c":{"a":0,"k":[0.898000021542,0.894000004787,0.889999988032,1],"ix":4},"o":{"a":0,"k":100,"ix":5},"r":1,"bm":0,"nm":"Fill 1","mn":"ADBE Vector Graphic - Fill","hd":false},{"ty":"tr","p":{"a":0,"k":[336.747,97.948],"ix":2},"a":{"a":0,"k":[0,0],"ix":1},"s":{"a":0,"k":[100,100],"ix":3},"r":{"a":0,"k":0,"ix":6},"o":{"a":0,"k":100,"ix":7},"sk":{"a":0,"k":0,"ix":4},"sa":{"a":0,"k":0,"ix":5},"nm":"Transform"}],"nm":"Group 2","np":2,"cix":2,"bm":0,"ix":2,"mn":"ADBE Vector Group","hd":false},{"ty":"gr","it":[{"ind":0,"ty":"sh","ix":1,"ks":{"a":0,"k":{"i":[[-0.485,-0.132],[20.348,42.739],[0.022,0.099],[0.144,0.298],[0.916,2.185],[29.851,9.027],[0,0],[22.445,7.437],[0,0],[3.675,1.457],[6.091,-1.765],[4.16,0],[0,14.015],[-0.034,0.441],[0,11.168],[-7.967,4.58],[0,5.893],[-17.06,0],[-0.442,-0.012],[-0.243,-0.254],[-154.979,-44.406]],"o":[[-15.593,18.903],[-0.022,-0.1],[-0.144,-0.287],[-0.496,-2.351],[-9.767,-21.86],[0,0],[-29.662,-2.163],[0,0],[-3.973,-1.314],[-3.63,4.271],[-3.609,1.225],[-17.06,0],[0,-0.452],[-12.216,-3.377],[0,-8.607],[-4.116,-4.303],[0,-14.014],[0.453,0],[0.22,0.253],[31.152,33.249],[0.485,0.143]],"v":[[149.841,30.484],[90.726,65.257],[90.66,64.958],[90.229,64.087],[88.111,57.288],[19.383,12.266],[19.372,12.266],[-59.805,-2.532],[-59.816,-2.532],[-71.293,-6.683],[-86.234,2.665],[-97.976,4.562],[-128.874,-20.818],[-128.83,-22.165],[-149.841,-46.199],[-136.654,-66.99],[-143.22,-82.615],[-112.322,-107.995],[-110.975,-107.973],[-110.28,-107.223],[148.385,30.077]],"c":true},"ix":2},"nm":"Path 1","mn":"ADBE Vector Shape - Group","hd":false},{"ty":"fl","c":{"a":0,"k":[0.948999980852,0.936999990426,0.922000002394,1],"ix":4},"o":{"a":0,"k":100,"ix":5},"r":1,"bm":0,"nm":"Fill 1","mn":"ADBE Vector Graphic - Fill","hd":false},{"ty":"tr","p":{"a":0,"k":[151.844,159.588],"ix":2},"a":{"a":0,"k":[0,0],"ix":1},"s":{"a":0,"k":[100,100],"ix":3},"r":{"a":0,"k":0,"ix":6},"o":{"a":0,"k":100,"ix":7},"sk":{"a":0,"k":0,"ix":4},"sa":{"a":0,"k":0,"ix":5},"nm":"Transform"}],"nm":"Group 3","np":2,"cix":2,"bm":0,"ix":3,"mn":"ADBE Vector Group","hd":false},{"ty":"gr","it":[{"ind":0,"ty":"sh","ix":1,"ks":{"a":0,"k":{"i":[[11.868,-3.528],[0,-3.695],[11.733,-3.595],[3.819,0],[1.441,0.067],[14.894,-11.7],[22.083,46.365],[33.347,10.07],[0,0],[22.452,7.435],[0,0],[3.907,1.574],[10.852,0],[0,14.022],[-0.034,0.436],[0,11.176],[-7.971,4.588],[0,5.895],[-17.07,0],[-2.143,-0.401],[0,0.201],[-34.14,0],[-3.238,-0.223],[0,0.112],[-34.14,0],[-10.371,-8.05],[-9.524,0],[0,-14.011],[1.272,-2.769],[-0.424,-0.1],[-15.383,0],[0,-14.022],[0.012,-0.134],[-1.886,0],[0,-14.023],[2.233,-3.494],[-0.413,-0.29],[-1.92,-3.84],[0,-3.405]],"o":[[1.73,3.159],[0,10.896],[-3.361,1.038],[-1.585,-0.123],[-38.305,-1.843],[-15.451,12.147],[-5.593,-26.46],[0,0],[-29.675,-2.166],[0,0],[-4.254,-1.406],[-5.516,6.955],[-17.059,0],[0,-0.447],[-12.226,-3.383],[0,-8.608],[-4.119,-4.299],[0,-14.011],[2.278,0],[-0.011,-0.2],[0,-14.023],[3.394,0],[-0.012,-0.112],[0,-14.022],[23.702,0],[5.683,-5.56],[17.069,0],[0,3.126],[0.413,0.089],[2.367,-12.091],[17.06,0],[0,0.145],[1.798,-0.279],[17.071,0],[0,4.231],[0.424,0.268],[3.819,2.624],[1.484,2.97],[0,10.963]],"v":[[176.139,-10.913],[178.828,-0.553],[158.733,23.227],[147.914,24.835],[143.382,24.556],[107.075,50.222],[44.155,88.862],[-27.207,35.854],[-27.218,35.854],[-106.429,21.05],[-106.44,21.05],[-118.698,16.585],[-144.611,28.15],[-175.513,2.752],[-175.468,1.412],[-196.491,-22.636],[-183.295,-43.434],[-189.871,-59.065],[-158.957,-84.452],[-152.314,-83.85],[-152.336,-84.452],[-90.52,-109.84],[-80.572,-109.505],[-80.584,-109.84],[-18.767,-135.227],[35.882,-121.707],[59.606,-130.817],[90.52,-105.43],[88.566,-96.543],[89.816,-96.253],[120.327,-117.565],[151.231,-92.178],[151.22,-91.754],[156.746,-92.178],[187.66,-66.79],[184.165,-55.068],[185.415,-54.242],[194.191,-44.395],[196.491,-34.771]],"c":true},"ix":2},"nm":"Path 1","mn":"ADBE Vector Shape - Group","hd":false},{"ty":"fl","c":{"a":0,"k":[0.976000019148,0.969000004787,0.957000014361,1],"ix":4},"o":{"a":0,"k":100,"ix":5},"r":1,"bm":0,"nm":"Fill 1","mn":"ADBE Vector Graphic - Fill","hd":false},{"ty":"tr","p":{"a":0,"k":[198.974,136.839],"ix":2},"a":{"a":0,"k":[0,0],"ix":1},"s":{"a":0,"k":[100,100],"ix":3},"r":{"a":0,"k":0,"ix":6},"o":{"a":0,"k":100,"ix":7},"sk":{"a":0,"k":0,"ix":4},"sa":{"a":0,"k":0,"ix":5},"nm":"Transform"}],"nm":"Group 4","np":2,"cix":2,"bm":0,"ix":4,"mn":"ADBE Vector Group","hd":false},{"ty":"gr","it":[{"ind":0,"ty":"sh","ix":1,"ks":{"a":0,"k":{"i":[[12.002,-3.573],[0,-3.729],[11.868,-3.628],[3.851,0],[1.451,0.067],[15.062,-11.834],[22.328,46.889],[33.728,10.193],[0,0],[22.708,7.525],[0,0],[3.952,1.586],[10.975,0],[0,14.179],[-0.034,0.447],[0,11.298],[-8.06,4.633],[0,5.962],[-17.26,0],[-2.166,-0.402],[0,0.201],[-34.531,0],[-3.271,-0.224],[0,0.111],[-34.531,0],[-10.494,-8.139],[-9.634,0],[0,-14.179],[1.283,-2.802],[-0.424,-0.101],[-15.552,0],[0,-14.179],[0.01,-0.134],[-1.909,0],[0,-14.178],[2.266,-3.539],[0,-8.384]],"o":[[1.753,3.193],[0,11.019],[-3.405,1.061],[-1.609,-0.123],[-38.74,-1.865],[-15.63,12.28],[-5.661,-26.761],[0,0],[-30.009,-2.188],[0,0],[-4.309,-1.417],[-5.571,7.034],[-17.26,0],[0,-0.457],[-12.359,-3.416],[0,-8.708],[-4.164,-4.354],[0,-14.178],[2.311,0],[-0.011,-0.202],[0,-14.179],[3.428,0],[-0.011,-0.112],[0,-14.179],[23.97,0],[5.739,-5.627],[17.26,0],[0,3.159],[0.423,0.09],[2.401,-12.225],[17.259,0],[0,0.145],[1.819,-0.279],[17.26,0],[0,4.276],[7.57,4.689],[0,11.097]],"v":[[178.137,-11.03],[180.862,-0.558],[160.542,23.49],[149.602,25.12],[145.013,24.841],[108.293,50.798],[44.658,89.873],[-27.52,36.262],[-27.531,36.262],[-107.634,21.29],[-107.646,21.29],[-120.049,16.78],[-146.252,28.469],[-177.512,2.791],[-177.467,1.429],[-198.724,-22.886],[-185.383,-43.92],[-192.025,-59.729],[-160.765,-85.406],[-154.044,-84.803],[-154.067,-85.406],[-91.547,-111.084],[-81.488,-110.749],[-81.499,-111.084],[-18.979,-136.762],[36.295,-123.086],[60.287,-132.297],[91.547,-106.618],[89.572,-97.632],[90.832,-97.341],[121.691,-118.899],[152.95,-93.221],[152.94,-92.797],[158.533,-93.221],[189.793,-67.544],[186.254,-55.687],[198.724,-35.167]],"c":true},"ix":2},"nm":"Path 1","mn":"ADBE Vector Shape - Group","hd":false},{"ty":"fl","c":{"a":0,"k":[0.709999952129,0.709999952129,0.709999952129,1],"ix":4},"o":{"a":0,"k":100,"ix":5},"r":1,"bm":0,"nm":"Fill 2","mn":"ADBE Vector Graphic - Fill","hd":false},{"ty":"fl","c":{"a":0,"k":[0.976000019148,0.969000004787,0.957000014361,1],"ix":4},"o":{"a":0,"k":100,"ix":5},"r":1,"bm":0,"nm":"Fill 1","mn":"ADBE Vector Graphic - Fill","hd":false},{"ty":"tr","p":{"a":0,"k":[198.974,137.012],"ix":2},"a":{"a":0,"k":[0,0],"ix":1},"s":{"a":0,"k":[100,100],"ix":3},"r":{"a":0,"k":0,"ix":6},"o":{"a":0,"k":100,"ix":7},"sk":{"a":0,"k":0,"ix":4},"sa":{"a":0,"k":0,"ix":5},"nm":"Transform"}],"nm":"Group 5","np":3,"cix":2,"bm":0,"ix":5,"mn":"ADBE Vector Group","hd":false}],"ip":0,"op":330,"st":0,"bm":0},{"ddd":0,"ind":7,"ty":4,"nm":"Layer 5 Outlines","parent":3,"sr":1,"ks":{"o":{"a":0,"k":100,"ix":11},"r":{"a":0,"k":0,"ix":10},"p":{"a":1,"k":[{"i":{"x":0.254,"y":1},"o":{"x":0.734,"y":0},"t":40,"s":[68.432,-102.085,0],"to":[0,0,0],"ti":[0,0,0]},{"t":90,"s":[68.432,-42.085,0]}],"ix":2},"a":{"a":0,"k":[9.181,15.88,0],"ix":1},"s":{"a":1,"k":[{"i":{"x":[0.254,0.254,0.667],"y":[1,1,1]},"o":{"x":[0.734,0.734,0.333],"y":[0,0,0]},"t":40,"s":[0,0,100]},{"t":90,"s":[100,100,100]}],"ix":6}},"ao":0,"shapes":[{"ty":"gr","it":[{"ind":0,"ty":"sh","ix":1,"ks":{"a":0,"k":{"i":[[0,-8.632],[4.933,0],[0,8.632],[-4.932,0]],"o":[[0,8.632],[-4.932,0],[0,-8.632],[4.933,0]],"v":[[8.931,0],[-0.001,15.63],[-8.931,0],[-0.001,-15.63]],"c":true},"ix":2},"nm":"Path 1","mn":"ADBE Vector Shape - Group","hd":false},{"ty":"fl","c":{"a":0,"k":[0.948999980852,0.936999990426,0.922000002394,1],"ix":4},"o":{"a":0,"k":100,"ix":5},"r":1,"bm":0,"nm":"Fill 1","mn":"ADBE Vector Graphic - Fill","hd":false},{"ty":"tr","p":{"a":0,"k":[9.181,15.88],"ix":2},"a":{"a":0,"k":[0,0],"ix":1},"s":{"a":0,"k":[100,100],"ix":3},"r":{"a":0,"k":0,"ix":6},"o":{"a":0,"k":100,"ix":7},"sk":{"a":0,"k":0,"ix":4},"sa":{"a":0,"k":0,"ix":5},"nm":"Transform"}],"nm":"Group 1","np":2,"cix":2,"bm":0,"ix":1,"mn":"ADBE Vector Group","hd":false}],"ip":0,"op":330,"st":0,"bm":0},{"ddd":0,"ind":8,"ty":4,"nm":"Layer 7 Outlines","parent":3,"sr":1,"ks":{"o":{"a":0,"k":100,"ix":11},"r":{"a":0,"k":0,"ix":10},"p":{"a":0,"k":[153.219,-138.238,0],"ix":2},"a":{"a":0,"k":[2.545,0.39,0],"ix":1},"s":{"a":0,"k":[100,100,100],"ix":6}},"ao":0,"shapes":[{"ty":"gr","it":[{"ind":0,"ty":"sh","ix":1,"ks":{"a":0,"k":{"i":[[-1.608,-0.123],[1.496,0.19]],"o":[[-1.563,0],[1.451,0.067]],"v":[[2.295,0.139],[-2.295,-0.139]],"c":true},"ix":2},"nm":"Path 1","mn":"ADBE Vector Shape - Group","hd":false},{"ty":"fl","c":{"a":0,"k":[0.957000014361,0.952999997606,0.948999980852,1],"ix":4},"o":{"a":0,"k":100,"ix":5},"r":1,"bm":0,"nm":"Fill 1","mn":"ADBE Vector Graphic - Fill","hd":false},{"ty":"tr","p":{"a":0,"k":[2.544,0.39],"ix":2},"a":{"a":0,"k":[0,0],"ix":1},"s":{"a":0,"k":[100,100],"ix":3},"r":{"a":0,"k":0,"ix":6},"o":{"a":0,"k":100,"ix":7},"sk":{"a":0,"k":0,"ix":4},"sa":{"a":0,"k":0,"ix":5},"nm":"Transform"}],"nm":"Group 1","np":2,"cix":2,"bm":0,"ix":1,"mn":"ADBE Vector Group","hd":false}],"ip":0,"op":330,"st":0,"bm":0},{"ddd":0,"ind":9,"ty":4,"nm":"Layer 8 Outlines","parent":14,"sr":1,"ks":{"o":{"a":0,"k":100,"ix":11},"r":{"a":0,"k":0,"ix":10},"p":{"a":0,"k":[196.741,55.312,0],"ix":2},"a":{"a":0,"k":[196.741,93.27,0],"ix":1},"s":{"a":1,"k":[{"i":{"x":[0.254,0.254,0.667],"y":[1,1,1]},"o":{"x":[0.734,0.734,0.333],"y":[0,0,0]},"t":14,"s":[0,0,100]},{"t":64,"s":[100,100,100]}],"ix":6}},"ao":0,"shapes":[{"ty":"gr","it":[{"ind":0,"ty":"sh","ix":1,"ks":{"a":0,"k":{"i":[[0,-13.564],[97.293,0],[0,13.565],[-97.293,0]],"o":[[0,13.565],[-97.293,0],[0,-13.564],[97.293,0]],"v":[[176.165,-0.001],[0.001,24.561],[-176.165,-0.001],[0.001,-24.561]],"c":true},"ix":2},"nm":"Path 1","mn":"ADBE Vector Shape - Group","hd":false},{"ty":"fl","c":{"a":0,"k":[1,1,1,1],"ix":4},"o":{"a":0,"k":100,"ix":5},"r":1,"bm":0,"nm":"Fill 1","mn":"ADBE Vector Graphic - Fill","hd":false},{"ty":"tr","p":{"a":0,"k":[196.74,34.859],"ix":2},"a":{"a":0,"k":[0,0],"ix":1},"s":{"a":0,"k":[100,100],"ix":3},"r":{"a":0,"k":0,"ix":6},"o":{"a":0,"k":100,"ix":7},"sk":{"a":0,"k":0,"ix":4},"sa":{"a":0,"k":0,"ix":5},"nm":"Transform"}],"nm":"Group 1","np":2,"cix":2,"bm":0,"ix":1,"mn":"ADBE Vector Group","hd":false},{"ty":"gr","it":[{"ind":0,"ty":"sh","ix":1,"ks":{"a":0,"k":{"i":[[0,-17.881],[108.518,0],[0,17.881],[-108.519,0]],"o":[[0,17.881],[-108.519,0],[0,-17.881],[108.518,0]],"v":[[196.491,0],[0,32.376],[-196.491,0],[0,-32.376]],"c":true},"ix":2},"nm":"Path 1","mn":"ADBE Vector Shape - Group","hd":false},{"ty":"fl","c":{"a":0,"k":[0.877999997606,0.862999949736,0.779999976065,1],"ix":4},"o":{"a":0,"k":100,"ix":5},"r":1,"bm":0,"nm":"Fill 1","mn":"ADBE Vector Graphic - Fill","hd":false},{"ty":"tr","p":{"a":0,"k":[196.741,32.626],"ix":2},"a":{"a":0,"k":[0,0],"ix":1},"s":{"a":0,"k":[100,100],"ix":3},"r":{"a":0,"k":0,"ix":6},"o":{"a":0,"k":100,"ix":7},"sk":{"a":0,"k":0,"ix":4},"sa":{"a":0,"k":0,"ix":5},"nm":"Transform"}],"nm":"Group 2","np":2,"cix":2,"bm":0,"ix":2,"mn":"ADBE Vector Group","hd":false},{"ty":"gr","it":[{"ind":0,"ty":"sh","ix":1,"ks":{"a":0,"k":{"i":[[0,5.191],[0,0],[1.126,-1.463],[99.729,0],[12.69,16.579],[0,1.518],[0,0],[-12.147,-4.398],[-65.988,-1.653],[0,0],[-27.631,10.015]],"o":[[0,0],[0,1.518],[-12.69,16.579],[-99.73,0],[-1.126,-1.463],[0,0],[0,5.191],[27.632,10.015],[0,0],[65.988,-1.653],[12.147,-4.398]],"v":[[196.491,-31.439],[196.491,-2.411],[194.792,2.055],[0,31.439],[-194.793,2.055],[-196.491,-2.411],[-196.491,-31.439],[-177.549,-16.926],[-28.584,2.055],[28.583,2.055],[177.548,-16.926]],"c":true},"ix":2},"nm":"Path 1","mn":"ADBE Vector Shape - Group","hd":false},{"ty":"fl","c":{"a":0,"k":[0.929000016755,0.913999968884,0.838999968884,1],"ix":4},"o":{"a":0,"k":100,"ix":5},"r":1,"bm":0,"nm":"Fill 1","mn":"ADBE Vector Graphic - Fill","hd":false},{"ty":"tr","p":{"a":0,"k":[196.741,61.832],"ix":2},"a":{"a":0,"k":[0,0],"ix":1},"s":{"a":0,"k":[100,100],"ix":3},"r":{"a":0,"k":0,"ix":6},"o":{"a":0,"k":100,"ix":7},"sk":{"a":0,"k":0,"ix":4},"sa":{"a":0,"k":0,"ix":5},"nm":"Transform"}],"nm":"Group 3","np":2,"cix":2,"bm":0,"ix":3,"mn":"ADBE Vector Group","hd":false}],"ip":0,"op":330,"st":0,"bm":0},{"ddd":0,"ind":10,"ty":4,"nm":"Layer 9 Outlines","parent":3,"sr":1,"ks":{"o":{"a":0,"k":100,"ix":11},"r":{"a":0,"k":0,"ix":10},"p":{"a":1,"k":[{"i":{"x":0.254,"y":1},"o":{"x":0.734,"y":0},"t":40,"s":[10.936,-271.176,0],"to":[0,0,0],"ti":[0,0,0]},{"t":110,"s":[10.936,148.824,0]}],"ix":2},"a":{"a":0,"k":[18.192,147.619,0],"ix":1},"s":{"a":0,"k":[100,100,100],"ix":6}},"ao":0,"hasMask":true,"masksProperties":[{"inv":false,"mode":"a","pt":{"a":1,"k":[{"i":{"x":0.254,"y":1},"o":{"x":0.734,"y":0},"t":40,"s":[{"i":[[0,0],[0,0],[0,0],[0,0]],"o":[[0,0],[0,0],[0,0],[0,0]],"v":[[589.929,326.92],[-548.071,326.92],[-548.071,940.92],[589.929,940.92]],"c":true}]},{"t":110,"s":[{"i":[[0,0],[0,0],[0,0],[0,0]],"o":[[0,0],[0,0],[0,0],[0,0]],"v":[[589.929,-93.205],[-548.071,-93.205],[-548.071,520.795],[589.929,520.795]],"c":true}]}],"ix":1},"o":{"a":0,"k":100,"ix":3},"x":{"a":0,"k":0,"ix":4},"nm":"Mask 1"}],"shapes":[{"ty":"gr","it":[{"ind":0,"ty":"sh","ix":1,"ks":{"a":0,"k":{"i":[[-8.909,16.087],[0,0],[9.914,0],[3.092,2.536]],"o":[[0,0],[0,9.903],[-4.321,0],[10.662,-15.406]],"v":[[14.659,-25.689],[14.659,7.748],[-3.283,25.689],[-14.659,21.624]],"c":true},"ix":2},"nm":"Path 1","mn":"ADBE Vector Shape - Group","hd":false},{"ty":"fl","c":{"a":0,"k":[0.948999980852,0.948999980852,0.948999980852,1],"ix":4},"o":{"a":0,"k":100,"ix":5},"r":1,"bm":0,"nm":"Fill 1","mn":"ADBE Vector Graphic - Fill","hd":false},{"ty":"tr","p":{"a":0,"k":[21.475,269.298],"ix":2},"a":{"a":0,"k":[0,0],"ix":1},"s":{"a":0,"k":[100,100],"ix":3},"r":{"a":0,"k":0,"ix":6},"o":{"a":0,"k":100,"ix":7},"sk":{"a":0,"k":0,"ix":4},"sa":{"a":0,"k":0,"ix":5},"nm":"Transform"}],"nm":"Group 1","np":2,"cix":2,"bm":0,"ix":1,"mn":"ADBE Vector Group","hd":false},{"ty":"gr","it":[{"ind":0,"ty":"sh","ix":1,"ks":{"a":0,"k":{"i":[[9.909,0],[0,0],[0,9.909],[0,0],[-9.91,0],[0,-9.91],[0,0]],"o":[[0,0],[-9.91,0],[0,0],[0,-9.91],[9.909,0],[0,0],[0,9.909]],"v":[[0,147.368],[0,147.368],[-17.942,129.426],[-17.942,-129.425],[0,-147.368],[17.942,-129.425],[17.942,129.426]],"c":true},"ix":2},"nm":"Path 1","mn":"ADBE Vector Shape - Group","hd":false},{"ty":"fl","c":{"a":0,"k":[1,1,1,1],"ix":4},"o":{"a":0,"k":100,"ix":5},"r":1,"bm":0,"nm":"Fill 1","mn":"ADBE Vector Graphic - Fill","hd":false},{"ty":"tr","p":{"a":0,"k":[18.192,147.619],"ix":2},"a":{"a":0,"k":[0,0],"ix":1},"s":{"a":0,"k":[100,100],"ix":3},"r":{"a":0,"k":0,"ix":6},"o":{"a":0,"k":100,"ix":7},"sk":{"a":0,"k":0,"ix":4},"sa":{"a":0,"k":0,"ix":5},"nm":"Transform"}],"nm":"Group 2","np":2,"cix":2,"bm":0,"ix":2,"mn":"ADBE Vector Group","hd":false}],"ip":0,"op":330,"st":0,"bm":0},{"ddd":0,"ind":11,"ty":4,"nm":"Layer 10 Outlines","parent":3,"sr":1,"ks":{"o":{"a":0,"k":100,"ix":11},"r":{"a":0,"k":0,"ix":10},"p":{"a":1,"k":[{"i":{"x":0.254,"y":1},"o":{"x":0.734,"y":0},"t":50,"s":[96.263,-271.176,0],"to":[0,0,0],"ti":[0,0,0]},{"t":120,"s":[96.263,148.824,0]}],"ix":2},"a":{"a":0,"k":[18.192,147.619,0],"ix":1},"s":{"a":0,"k":[100,100,100],"ix":6}},"ao":0,"hasMask":true,"masksProperties":[{"inv":false,"mode":"a","pt":{"a":1,"k":[{"i":{"x":0.254,"y":1},"o":{"x":0.734,"y":0},"t":50,"s":[{"i":[[0,0],[0,0],[0,0],[0,0]],"o":[[0,0],[0,0],[0,0],[0,0]],"v":[[589.929,326.92],[-548.071,326.92],[-548.071,940.92],[589.929,940.92]],"c":true}]},{"t":120,"s":[{"i":[[0,0],[0,0],[0,0],[0,0]],"o":[[0,0],[0,0],[0,0],[0,0]],"v":[[589.929,-93.205],[-548.071,-93.205],[-548.071,520.795],[589.929,520.795]],"c":true}]}],"ix":1},"o":{"a":0,"k":100,"ix":3},"x":{"a":0,"k":0,"ix":4},"nm":"Mask 1"}],"shapes":[{"ty":"gr","it":[{"ind":0,"ty":"sh","ix":1,"ks":{"a":0,"k":{"i":[[0,-4.946],[0,0],[9.902,0],[0,9.904],[0,0],[-6.443,39.433],[-0.279,-0.279]],"o":[[0,0],[0,9.904],[-9.914,0],[0,0],[13.833,-42.457],[0.301,0.246],[3.249,3.249]],"v":[[17.941,-131.66],[17.941,127.194],[0.001,145.136],[-17.941,127.194],[-17.941,-21.145],[11.824,-145.136],[12.683,-144.343]],"c":true},"ix":2},"nm":"Path 1","mn":"ADBE Vector Shape - Group","hd":false},{"ty":"fl","c":{"a":0,"k":[0.948999980852,0.948999980852,0.948999980852,1],"ix":4},"o":{"a":0,"k":100,"ix":5},"r":1,"bm":0,"nm":"Fill 1","mn":"ADBE Vector Graphic - Fill","hd":false},{"ty":"tr","p":{"a":0,"k":[18.193,149.851],"ix":2},"a":{"a":0,"k":[0,0],"ix":1},"s":{"a":0,"k":[100,100],"ix":3},"r":{"a":0,"k":0,"ix":6},"o":{"a":0,"k":100,"ix":7},"sk":{"a":0,"k":0,"ix":4},"sa":{"a":0,"k":0,"ix":5},"nm":"Transform"}],"nm":"Group 1","np":2,"cix":2,"bm":0,"ix":1,"mn":"ADBE Vector Group","hd":false},{"ty":"gr","it":[{"ind":0,"ty":"sh","ix":1,"ks":{"a":0,"k":{"i":[[9.91,0],[0,0],[0,9.909],[0,0],[-9.909,0],[0,-9.91],[0,0]],"o":[[0,0],[-9.909,0],[0,0],[0,-9.91],[9.91,0],[0,0],[0,9.909]],"v":[[0,147.368],[0,147.368],[-17.942,129.426],[-17.942,-129.425],[0,-147.368],[17.942,-129.425],[17.942,129.426]],"c":true},"ix":2},"nm":"Path 1","mn":"ADBE Vector Shape - Group","hd":false},{"ty":"fl","c":{"a":0,"k":[1,1,1,1],"ix":4},"o":{"a":0,"k":100,"ix":5},"r":1,"bm":0,"nm":"Fill 1","mn":"ADBE Vector Graphic - Fill","hd":false},{"ty":"tr","p":{"a":0,"k":[18.192,147.619],"ix":2},"a":{"a":0,"k":[0,0],"ix":1},"s":{"a":0,"k":[100,100],"ix":3},"r":{"a":0,"k":0,"ix":6},"o":{"a":0,"k":100,"ix":7},"sk":{"a":0,"k":0,"ix":4},"sa":{"a":0,"k":0,"ix":5},"nm":"Transform"}],"nm":"Group 2","np":2,"cix":2,"bm":0,"ix":2,"mn":"ADBE Vector Group","hd":false}],"ip":0,"op":330,"st":0,"bm":0},{"ddd":0,"ind":12,"ty":4,"nm":"Layer 11 Outlines","parent":14,"sr":1,"ks":{"o":{"a":0,"k":100,"ix":11},"r":{"a":0,"k":0,"ix":10},"p":{"a":0,"k":[346.889,42.842,0],"ix":2},"a":{"a":0,"k":[42.128,14.931,0],"ix":1},"s":{"a":0,"k":[100,100,100],"ix":6}},"ao":0,"shapes":[{"ty":"gr","it":[{"ind":0,"ty":"sh","ix":1,"ks":{"a":0,"k":{"i":[[-27.363,8.172],[0,0],[42.023,-4.79],[-0.19,3.36]],"o":[[0,0],[-11.02,8.764],[0.235,-3.472],[27.989,-4.578]],"v":[[41.878,-14.681],[41.878,-6.364],[-41.878,14.681],[-41.241,4.444]],"c":true},"ix":2},"nm":"Path 1","mn":"ADBE Vector Shape - Group","hd":false},{"ty":"fl","c":{"a":0,"k":[0.910000011968,0.654999976065,0.144999994016,1],"ix":4},"o":{"a":0,"k":100,"ix":5},"r":1,"bm":0,"nm":"Fill 1","mn":"ADBE Vector Graphic - Fill","hd":false},{"ty":"tr","p":{"a":0,"k":[42.128,14.931],"ix":2},"a":{"a":0,"k":[0,0],"ix":1},"s":{"a":0,"k":[100,100],"ix":3},"r":{"a":0,"k":0,"ix":6},"o":{"a":0,"k":100,"ix":7},"sk":{"a":0,"k":0,"ix":4},"sa":{"a":0,"k":0,"ix":5},"nm":"Transform"}],"nm":"Group 1","np":2,"cix":2,"bm":0,"ix":1,"mn":"ADBE Vector Group","hd":false}],"ip":0,"op":330,"st":0,"bm":0},{"ddd":0,"ind":13,"ty":4,"nm":"Layer 15 Outlines","parent":3,"sr":1,"ks":{"o":{"a":0,"k":100,"ix":11},"r":{"a":0,"k":0,"ix":10},"p":{"a":1,"k":[{"i":{"x":0.254,"y":1},"o":{"x":0.734,"y":0},"t":30,"s":[-74.391,-271.176,0],"to":[0,0,0],"ti":[0,0,0]},{"t":100,"s":[-74.391,148.824,0]}],"ix":2},"a":{"a":0,"k":[18.192,147.618,0],"ix":1},"s":{"a":0,"k":[100,100,100],"ix":6}},"ao":0,"hasMask":true,"masksProperties":[{"inv":false,"mode":"a","pt":{"a":1,"k":[{"i":{"x":0.254,"y":1},"o":{"x":0.734,"y":0},"t":30,"s":[{"i":[[0,0],[0,0],[0,0],[0,0]],"o":[[0,0],[0,0],[0,0],[0,0]],"v":[[589.929,326.92],[-548.071,326.92],[-548.071,940.92],[589.929,940.92]],"c":true}]},{"t":100,"s":[{"i":[[0,0],[0,0],[0,0],[0,0]],"o":[[0,0],[0,0],[0,0],[0,0]],"v":[[589.929,-93.205],[-548.071,-93.205],[-548.071,520.795],[589.929,520.795]],"c":true}]}],"ix":1},"o":{"a":0,"k":100,"ix":3},"x":{"a":0,"k":0,"ix":4},"nm":"Mask 1"}],"shapes":[{"ty":"gr","it":[{"ind":0,"ty":"sh","ix":1,"ks":{"a":0,"k":{"i":[[9.91,0],[0,0],[0,9.909],[0,0],[-9.909,0],[0,-9.91],[0,0]],"o":[[0,0],[-9.909,0],[0,0],[0,-9.91],[9.91,0],[0,0],[0,9.909]],"v":[[0,147.368],[0,147.368],[-17.943,129.426],[-17.943,-129.425],[0,-147.368],[17.943,-129.425],[17.943,129.426]],"c":true},"ix":2},"nm":"Path 1","mn":"ADBE Vector Shape - Group","hd":false},{"ty":"fl","c":{"a":0,"k":[1,1,1,1],"ix":4},"o":{"a":0,"k":100,"ix":5},"r":1,"bm":0,"nm":"Fill 1","mn":"ADBE Vector Graphic - Fill","hd":false},{"ty":"tr","p":{"a":0,"k":[18.192,147.619],"ix":2},"a":{"a":0,"k":[0,0],"ix":1},"s":{"a":0,"k":[100,100],"ix":3},"r":{"a":0,"k":0,"ix":6},"o":{"a":0,"k":100,"ix":7},"sk":{"a":0,"k":0,"ix":4},"sa":{"a":0,"k":0,"ix":5},"nm":"Transform"}],"nm":"Group 1","np":2,"cix":2,"bm":0,"ix":1,"mn":"ADBE Vector Group","hd":false}],"ip":0,"op":330,"st":0,"bm":0},{"ddd":0,"ind":14,"ty":4,"nm":"Layer 16 Outlines","parent":3,"sr":1,"ks":{"o":{"a":0,"k":100,"ix":11},"r":{"a":0,"k":0,"ix":10},"p":{"a":0,"k":[10.378,400.02,0],"ix":2},"a":{"a":0,"k":[196.741,543.95,0],"ix":1},"s":{"a":1,"k":[{"i":{"x":[0.254,0.254,0.667],"y":[1,1,1]},"o":{"x":[0.734,0.734,0.333],"y":[0,0,0]},"t":0,"s":[0,0,100]},{"t":60,"s":[100,100,100]}],"ix":6}},"ao":0,"shapes":[{"ty":"gr","it":[{"ind":0,"ty":"sh","ix":1,"ks":{"a":0,"k":{"i":[[0,5.191],[0,0],[1.126,-1.463],[99.729,0],[12.69,16.579],[0,1.518],[0,0],[-12.147,-4.399],[-65.988,-1.653],[0,0],[-27.631,10.014]],"o":[[0,0],[0,1.518],[-12.69,16.579],[-99.73,0],[-1.126,-1.463],[0,0],[0,5.191],[27.632,10.014],[0,0],[65.988,-1.653],[12.147,-4.399]],"v":[[196.491,-31.439],[196.491,-2.411],[194.792,2.055],[0,31.439],[-194.793,2.055],[-196.491,-2.411],[-196.491,-31.439],[-177.549,-16.924],[-28.584,2.055],[28.583,2.055],[177.548,-16.924]],"c":true},"ix":2},"nm":"Path 1","mn":"ADBE Vector Shape - Group","hd":false},{"ty":"fl","c":{"a":0,"k":[0.910000011968,0.654999976065,0.144999994016,1],"ix":4},"o":{"a":0,"k":100,"ix":5},"r":1,"bm":0,"nm":"Fill 1","mn":"ADBE Vector Graphic - Fill","hd":false},{"ty":"tr","p":{"a":0,"k":[196.741,31.689],"ix":2},"a":{"a":0,"k":[0,0],"ix":1},"s":{"a":0,"k":[100,100],"ix":3},"r":{"a":0,"k":0,"ix":6},"o":{"a":0,"k":100,"ix":7},"sk":{"a":0,"k":0,"ix":4},"sa":{"a":0,"k":0,"ix":5},"nm":"Transform"}],"nm":"Group 1","np":2,"cix":2,"bm":0,"ix":1,"mn":"ADBE Vector Group","hd":false},{"ty":"gr","it":[{"ind":0,"ty":"sh","ix":1,"ks":{"a":0,"k":{"i":[[-27.363,8.172],[0,0],[42.023,-4.79],[-0.19,3.36]],"o":[[0,0],[-11.02,8.764],[0.235,-3.472],[27.989,-4.578]],"v":[[41.878,-14.681],[41.878,-6.364],[-41.878,14.681],[-41.241,4.444]],"c":true},"ix":2},"nm":"Path 1","mn":"ADBE Vector Shape - Group","hd":false},{"ty":"fl","c":{"a":0,"k":[0.838999968884,0.583999992819,0.128999986836,1],"ix":4},"o":{"a":0,"k":100,"ix":5},"r":1,"bm":0,"nm":"Fill 1","mn":"ADBE Vector Graphic - Fill","hd":false},{"ty":"tr","p":{"a":0,"k":[346.889,42.842],"ix":2},"a":{"a":0,"k":[0,0],"ix":1},"s":{"a":0,"k":[100,100],"ix":3},"r":{"a":0,"k":0,"ix":6},"o":{"a":0,"k":100,"ix":7},"sk":{"a":0,"k":0,"ix":4},"sa":{"a":0,"k":0,"ix":5},"nm":"Transform"}],"nm":"Group 2","np":2,"cix":2,"bm":0,"ix":2,"mn":"ADBE Vector Group","hd":false},{"ty":"gr","it":[{"ind":0,"ty":"sh","ix":1,"ks":{"a":0,"k":{"i":[[-27.363,8.172],[0,0],[40.247,0],[0,0],[-7.815,136.717]],"o":[[0,0],[0,40.247],[0,0],[171.204,-134.585],[27.989,-4.578]],"v":[[151.354,-257.337],[151.354,184.467],[78.485,257.336],[-151.354,257.336],[68.236,-238.212]],"c":true},"ix":2},"nm":"Path 1","mn":"ADBE Vector Shape - Group","hd":false},{"ty":"fl","c":{"a":0,"k":[0.910000011968,0.654999976065,0.144999994016,1],"ix":4},"o":{"a":0,"k":100,"ix":5},"r":1,"bm":0,"nm":"Fill 1","mn":"ADBE Vector Graphic - Fill","hd":false},{"ty":"tr","p":{"a":0,"k":[237.412,285.497],"ix":2},"a":{"a":0,"k":[0,0],"ix":1},"s":{"a":0,"k":[100,100],"ix":3},"r":{"a":0,"k":0,"ix":6},"o":{"a":0,"k":100,"ix":7},"sk":{"a":0,"k":0,"ix":4},"sa":{"a":0,"k":0,"ix":5},"nm":"Transform"}],"nm":"Group 3","np":2,"cix":2,"bm":0,"ix":3,"mn":"ADBE Vector Group","hd":false},{"ty":"gr","it":[{"ind":0,"ty":"sh","ix":1,"ks":{"a":0,"k":{"i":[[0,0],[0,0],[0,0],[40.241,0],[0,0],[0,40.241]],"o":[[0,0],[0,0],[0,40.241],[0,0],[-40.241,0],[0,0]],"v":[[-190.909,-261.244],[190.909,-261.244],[190.909,188.381],[118.046,261.244],[-118.046,261.244],[-190.909,188.381]],"c":true},"ix":2},"nm":"Path 1","mn":"ADBE Vector Shape - Group","hd":false},{"ty":"fl","c":{"a":0,"k":[0.969000004787,0.717999985639,0.156999999402,1],"ix":4},"o":{"a":0,"k":100,"ix":5},"r":1,"bm":0,"nm":"Fill 1","mn":"ADBE Vector Graphic - Fill","hd":false},{"ty":"tr","p":{"a":0,"k":[197.857,282.706],"ix":2},"a":{"a":0,"k":[0,0],"ix":1},"s":{"a":0,"k":[100,100],"ix":3},"r":{"a":0,"k":0,"ix":6},"o":{"a":0,"k":100,"ix":7},"sk":{"a":0,"k":0,"ix":4},"sa":{"a":0,"k":0,"ix":5},"nm":"Transform"}],"nm":"Group 4","np":2,"cix":2,"bm":0,"ix":4,"mn":"ADBE Vector Group","hd":false}],"ip":0,"op":330,"st":0,"bm":0},{"ddd":0,"ind":15,"ty":4,"nm":"Layer 19 Outlines","parent":3,"sr":1,"ks":{"o":{"a":0,"k":100,"ix":11},"r":{"a":0,"k":0,"ix":10},"p":{"a":0,"k":[133.184,237.022,0],"ix":2},"a":{"a":0,"k":[0.25,283.823,0],"ix":1},"s":{"a":1,"k":[{"i":{"x":[0.255,0.255,0.255],"y":[1,1,1]},"o":{"x":[0.654,0.654,0.654],"y":[0,0,0]},"t":40,"s":[0,0,100]},{"t":90,"s":[100,100,100]}],"ix":6}},"ao":0,"shapes":[{"ty":"gr","it":[{"ind":0,"ty":"sh","ix":1,"ks":{"a":0,"k":{"i":[[0,0],[0,0],[0,0],[0,0],[0,0],[0,0],[0,0],[0,0]],"o":[[0,0],[0,0],[0,0],[0,0],[0,0],[0,0],[0,0],[0,0]],"v":[[-13.397,-110.526],[-13.397,110.527],[44.658,110.527],[44.658,141.786],[-44.658,141.786],[-44.658,-141.786],[44.658,-141.786],[44.658,-110.526]],"c":true},"ix":2},"nm":"Path 1","mn":"ADBE Vector Shape - Group","hd":false},{"ty":"fl","c":{"a":0,"k":[0.838999968884,0.583999992819,0.128999986836,1],"ix":4},"o":{"a":0,"k":100,"ix":5},"r":1,"bm":0,"nm":"Fill 1","mn":"ADBE Vector Graphic - Fill","hd":false},{"ty":"tr","p":{"a":0,"k":[48.257,142.036],"ix":2},"a":{"a":0,"k":[0,0],"ix":1},"s":{"a":0,"k":[100,100],"ix":3},"r":{"a":0,"k":0,"ix":6},"o":{"a":0,"k":100,"ix":7},"sk":{"a":0,"k":0,"ix":4},"sa":{"a":0,"k":0,"ix":5},"nm":"Transform"}],"nm":"Group 1","np":2,"cix":2,"bm":0,"ix":1,"mn":"ADBE Vector Group","hd":false},{"ty":"gr","it":[{"ind":0,"ty":"sh","ix":1,"ks":{"a":0,"k":{"i":[[0,0],[0,0],[0,16.692],[0,0],[16.693,0],[0,0]],"o":[[0,0],[16.693,0],[0,0],[0,-16.694],[0,0],[0,0]],"v":[[-53.03,110.526],[22.756,110.526],[53.031,80.252],[53.031,-80.252],[22.756,-110.526],[-53.03,-110.526]],"c":true},"ix":2},"nm":"Path 1","mn":"ADBE Vector Shape - Group","hd":false},{"ind":1,"ty":"sh","ix":2,"ks":{"a":0,"k":{"i":[[33.931,0],[0,0],[0,0],[0,0],[0,-33.93],[0,0]],"o":[[0,0],[0,0],[0,0],[33.931,0],[0,0],[0,33.929]],"v":[[22.756,141.786],[-84.29,141.786],[-84.29,-141.786],[22.756,-141.786],[84.29,-80.252],[84.29,80.252]],"c":true},"ix":2},"nm":"Path 2","mn":"ADBE Vector Shape - Group","hd":false},{"ty":"mm","mm":1,"nm":"Merge Paths 1","mn":"ADBE Vector Filter - Merge","hd":false},{"ty":"fl","c":{"a":0,"k":[0.910000011968,0.654999976065,0.144999994016,1],"ix":4},"o":{"a":0,"k":100,"ix":5},"r":1,"bm":0,"nm":"Fill 1","mn":"ADBE Vector Graphic - Fill","hd":false},{"ty":"tr","p":{"a":0,"k":[93.472,142.037],"ix":2},"a":{"a":0,"k":[0,0],"ix":1},"s":{"a":0,"k":[100,100],"ix":3},"r":{"a":0,"k":0,"ix":6},"o":{"a":0,"k":100,"ix":7},"sk":{"a":0,"k":0,"ix":4},"sa":{"a":0,"k":0,"ix":5},"nm":"Transform"}],"nm":"Group 2","np":4,"cix":2,"bm":0,"ix":2,"mn":"ADBE Vector Group","hd":false},{"ty":"gr","it":[{"ind":0,"ty":"sh","ix":1,"ks":{"a":0,"k":{"i":[[0,0],[0,0],[0,16.692],[0,0],[16.692,0],[0,0]],"o":[[0,0],[16.692,0],[0,0],[0,-16.694],[0,0],[0,0]],"v":[[-53.03,110.526],[22.757,110.526],[53.031,80.252],[53.031,-80.252],[22.757,-110.526],[-53.03,-110.526]],"c":true},"ix":2},"nm":"Path 1","mn":"ADBE Vector Shape - Group","hd":false},{"ind":1,"ty":"sh","ix":2,"ks":{"a":0,"k":{"i":[[33.93,0],[0,0],[0,0],[0,0],[0,-33.93],[0,0]],"o":[[0,0],[0,0],[0,0],[33.93,0],[0,0],[0,33.929]],"v":[[22.757,141.786],[-84.29,141.786],[-84.29,-141.786],[22.757,-141.786],[84.29,-80.252],[84.29,80.252]],"c":true},"ix":2},"nm":"Path 2","mn":"ADBE Vector Shape - Group","hd":false},{"ty":"mm","mm":1,"nm":"Merge Paths 1","mn":"ADBE Vector Filter - Merge","hd":false},{"ty":"fl","c":{"a":0,"k":[0.838999968884,0.583999992819,0.128999986836,1],"ix":4},"o":{"a":0,"k":100,"ix":5},"r":1,"bm":0,"nm":"Fill 1","mn":"ADBE Vector Graphic - Fill","hd":false},{"ty":"tr","p":{"a":0,"k":[84.54,142.037],"ix":2},"a":{"a":0,"k":[0,0],"ix":1},"s":{"a":0,"k":[100,100],"ix":3},"r":{"a":0,"k":0,"ix":6},"o":{"a":0,"k":100,"ix":7},"sk":{"a":0,"k":0,"ix":4},"sa":{"a":0,"k":0,"ix":5},"nm":"Transform"}],"nm":"Group 3","np":4,"cix":2,"bm":0,"ix":3,"mn":"ADBE Vector Group","hd":false}],"ip":0,"op":330,"st":0,"bm":0}],"markers":[]}